[debug] [2026-09-27T22:57:02.408Z] [Firebase Plugin] Activating Firebase extension.
[debug] [2026-09-27T22:57:04.016Z] [Firebase Plugin] requireAuthWrapper
[debug] [2026-09-27T22:57:04.017Z] > command requires scopes: ["email","openid","https://www.googleapis.com/auth/cloudplatformprojects.readonly","https://www.googleapis.com/auth/firebase","https://www.googleapis.com/auth/cloud-platform"]
[debug] [2026-09-27T22:57:04.017Z] > authorizing via signed-in user (kylematthewberry@gmail.com)
[debug] [2026-09-27T22:57:04.018Z] Checked if tokens are valid: true, expires at: 1790553304097
[debug] [2026-09-27T22:57:04.018Z] Checked if tokens are valid: true, expires at: 1790553304097
[debug] [2026-09-27T22:57:04.018Z] [Firebase Plugin] User found:  kylematthewberry@gmail.com
[info] [Firebase Plugin] (Core:Project) New user detected, fetching projects
[debug] [2026-09-27T22:57:04.018Z] Checked if tokens are valid: true, expires at: 1790553304097
[debug] [2026-09-27T22:57:04.019Z] >>> [apiv2][query] GET https://firebase.googleapis.com/v1beta1/projects pageSize=1000
[debug] [2026-09-27T22:57:04.021Z] [Firebase Plugin] VSCode notification server listening on port 40001
[info] [Firebase Plugin] Starting SQL Connect toolkit (version 3.4.16) on port 50001
[debug] [2026-09-27T22:57:04.545Z] 'fdc build' failed with error: Unable to build your SQL Connect schema and connectors (exit code 1): E0927 18:57:04.544627   96006 cmd.go:43] Error loading data connect config: could not find dataconnect.yaml in `/Users/kyleberry/sss/selsocsoc/dataconnect`
 {"metadata":{"emulator":{"name":"dataconnect"},"message":"'fdc build' failed with error: Unable to build your SQL Connect schema and connectors (exit code 1): E0927 18:57:04.544627   96006 cmd.go:43] Error loading data connect config: could not find dataconnect.yaml in `/Users/kyleberry/sss/selsocsoc/dataconnect`\n"}}
[debug] [2026-09-27T22:57:04.546Z] Ignoring unsupported arg: auto_download {"metadata":{"emulator":{"name":"dataconnect"},"message":"Ignoring unsupported arg: auto_download"}}
[debug] [2026-09-27T22:57:04.546Z] Ignoring unsupported arg: port {"metadata":{"emulator":{"name":"dataconnect"},"message":"Ignoring unsupported arg: port"}}
[debug] [2026-09-27T22:57:04.546Z] Starting SQL Connect Emulator with command {"binary":"/Users/kyleberry/.cache/firebase/emulators/dataconnect-emulator-3.4.16","args":["--logtostderr","-v=2","dev","--listen=localhost:50001","--config_dir=/Users/kyleberry/sss/selsocsoc/dataconnect","--enable_output_schema_extensions=true","--enable_output_generated_sdk=true"],"optionalArgs":["listen","config_dir","enable_output_schema_extensions","enable_output_generated_sdk"],"joinArgs":true,"shell":false,"port":9399} {"metadata":{"emulator":{"name":"dataconnect"},"message":"Starting SQL Connect Emulator with command {\"binary\":\"/Users/kyleberry/.cache/firebase/emulators/dataconnect-emulator-3.4.16\",\"args\":[\"--logtostderr\",\"-v=2\",\"dev\",\"--listen=localhost:50001\",\"--config_dir=/Users/kyleberry/sss/selsocsoc/dataconnect\",\"--enable_output_schema_extensions=true\",\"--enable_output_generated_sdk=true\"],\"optionalArgs\":[\"listen\",\"config_dir\",\"enable_output_schema_extensions\",\"enable_output_generated_sdk\"],\"joinArgs\":true,\"shell\":false,\"port\":9399}"}}
[info] i  dataconnect: SQL Connect Emulator logging to dataconnect-debug.log {"metadata":{"emulator":{"name":"dataconnect"},"message":"SQL Connect Emulator logging to dataconnect-debug.log"}}
[debug] [2026-09-27T22:57:04.564Z] E0927 18:57:04.563294   96014 dev.go:80] Failed to load initial config from "/Users/kyleberry/sss/selsocsoc/dataconnect": could not find dataconnect.yaml in `/Users/kyleberry/sss/selsocsoc/dataconnect`
E0927 18:57:04.563607   96014 watch.go:116] watchAllDir unable to walk dir `/Users/kyleberry/sss/selsocsoc/dataconnect`: lstat /Users/kyleberry/sss/selsocsoc/dataconnect: no such file or directory
I0927 18:57:04.564499   96014 dev.go:101] Listening on address (HTTP + gRPC): 127.0.0.1:50001
 {"metadata":{"emulator":{"name":"dataconnect"},"message":"E0927 18:57:04.563294   96014 dev.go:80] Failed to load initial config from \"/Users/kyleberry/sss/selsocsoc/dataconnect\": could not find dataconnect.yaml in `/Users/kyleberry/sss/selsocsoc/dataconnect`\nE0927 18:57:04.563607   96014 watch.go:116] watchAllDir unable to walk dir `/Users/kyleberry/sss/selsocsoc/dataconnect`: lstat /Users/kyleberry/sss/selsocsoc/dataconnect: no such file or directory\nI0927 18:57:04.564499   96014 dev.go:101] Listening on address (HTTP + gRPC): 127.0.0.1:50001\n"}}
[error] [Firebase Plugin] error:  {}
[debug] [2026-09-27T22:57:04.929Z] <<< [apiv2][status] GET https://firebase.googleapis.com/v1beta1/projects 200
[debug] [2026-09-27T22:57:04.930Z] <<< [apiv2][body] GET https://firebase.googleapis.com/v1beta1/projects [omitted]
[debug] [2026-09-27T22:57:14.566Z] E0927 18:57:14.565439   96014 watch.go:40] Failed to load config from "/Users/kyleberry/sss/selsocsoc/dataconnect": could not find dataconnect.yaml in `/Users/kyleberry/sss/selsocsoc/dataconnect`
 {"metadata":{"emulator":{"name":"dataconnect"},"message":"E0927 18:57:14.565439   96014 watch.go:40] Failed to load config from \"/Users/kyleberry/sss/selsocsoc/dataconnect\": could not find dataconnect.yaml in `/Users/kyleberry/sss/selsocsoc/dataconnect`\n"}}
[debug] [2026-09-27T22:57:24.565Z] E0927 18:57:24.564838   96014 watch.go:40] Failed to load config from "/Users/kyleberry/sss/selsocsoc/dataconnect": could not find dataconnect.yaml in `/Users/kyleberry/sss/selsocsoc/dataconnect`
 {"metadata":{"emulator":{"name":"dataconnect"},"message":"E0927 18:57:24.564838   96014 watch.go:40] Failed to load config from \"/Users/kyleberry/sss/selsocsoc/dataconnect\": could not find dataconnect.yaml in `/Users/kyleberry/sss/selsocsoc/dataconnect`\n"}}
[debug] [2026-09-27T22:57:34.565Z] E0927 18:57:34.564715   96014 watch.go:40] Failed to load config from "/Users/kyleberry/sss/selsocsoc/dataconnect": could not find dataconnect.yaml in `/Users/kyleberry/sss/selsocsoc/dataconnect`
 {"metadata":{"emulator":{"name":"dataconnect"},"message":"E0927 18:57:34.564715   96014 watch.go:40] Failed to load config from \"/Users/kyleberry/sss/selsocsoc/dataconnect\": could not find dataconnect.yaml in `/Users/kyleberry/sss/selsocsoc/dataconnect`\n"}}
[debug] [2026-09-27T22:57:44.565Z] E0927 18:57:44.565146   96014 watch.go:40] Failed to load config from "/Users/kyleberry/sss/selsocsoc/dataconnect": could not find dataconnect.yaml in `/Users/kyleberry/sss/selsocsoc/dataconnect`
 {"metadata":{"emulator":{"name":"dataconnect"},"message":"E0927 18:57:44.565146   96014 watch.go:40] Failed to load config from \"/Users/kyleberry/sss/selsocsoc/dataconnect\": could not find dataconnect.yaml in `/Users/kyleberry/sss/selsocsoc/dataconnect`\n"}}
[debug] [2026-09-27T22:57:54.565Z] E0927 18:57:54.564876   96014 watch.go:40] Failed to load config from "/Users/kyleberry/sss/selsocsoc/dataconnect": could not find dataconnect.yaml in `/Users/kyleberry/sss/selsocsoc/dataconnect`
 {"metadata":{"emulator":{"name":"dataconnect"},"message":"E0927 18:57:54.564876   96014 watch.go:40] Failed to load config from \"/Users/kyleberry/sss/selsocsoc/dataconnect\": could not find dataconnect.yaml in `/Users/kyleberry/sss/selsocsoc/dataconnect`\n"}}
[debug] [2026-09-27T22:58:04.565Z] E0927 18:58:04.564608   96014 watch.go:40] Failed to load config from "/Users/kyleberry/sss/selsocsoc/dataconnect": could not find dataconnect.yaml in `/Users/kyleberry/sss/selsocsoc/dataconnect`
E0927 18:58:04.564573   96014 watch.go:116] watchAllDir unable to walk dir `/Users/kyleberry/sss/selsocsoc/dataconnect`: lstat /Users/kyleberry/sss/selsocsoc/dataconnect: no such file or directory
 {"metadata":{"emulator":{"name":"dataconnect"},"message":"E0927 18:58:04.564608   96014 watch.go:40] Failed to load config from \"/Users/kyleberry/sss/selsocsoc/dataconnect\": could not find dataconnect.yaml in `/Users/kyleberry/sss/selsocsoc/dataconnect`\nE0927 18:58:04.564573   96014 watch.go:116] watchAllDir unable to walk dir `/Users/kyleberry/sss/selsocsoc/dataconnect`: lstat /Users/kyleberry/sss/selsocsoc/dataconnect: no such file or directory\n"}}
[debug] [2026-09-27T22:58:14.564Z] E0927 18:58:14.564382   96014 watch.go:40] Failed to load config from "/Users/kyleberry/sss/selsocsoc/dataconnect": could not find dataconnect.yaml in `/Users/kyleberry/sss/selsocsoc/dataconnect`
 {"metadata":{"emulator":{"name":"dataconnect"},"message":"E0927 18:58:14.564382   96014 watch.go:40] Failed to load config from \"/Users/kyleberry/sss/selsocsoc/dataconnect\": could not find dataconnect.yaml in `/Users/kyleberry/sss/selsocsoc/dataconnect`\n"}}
[debug] [2026-09-27T22:58:24.565Z] E0927 18:58:24.564889   96014 watch.go:40] Failed to load config from "/Users/kyleberry/sss/selsocsoc/dataconnect": could not find dataconnect.yaml in `/Users/kyleberry/sss/selsocsoc/dataconnect`
 {"metadata":{"emulator":{"name":"dataconnect"},"message":"E0927 18:58:24.564889   96014 watch.go:40] Failed to load config from \"/Users/kyleberry/sss/selsocsoc/dataconnect\": could not find dataconnect.yaml in `/Users/kyleberry/sss/selsocsoc/dataconnect`\n"}}
[debug] [2026-09-27T22:58:34.574Z] E0927 18:58:34.569285   96014 watch.go:40] Failed to load config from "/Users/kyleberry/sss/selsocsoc/dataconnect": could not find dataconnect.yaml in `/Users/kyleberry/sss/selsocsoc/dataconnect`
 {"metadata":{"emulator":{"name":"dataconnect"},"message":"E0927 18:58:34.569285   96014 watch.go:40] Failed to load config from \"/Users/kyleberry/sss/selsocsoc/dataconnect\": could not find dataconnect.yaml in `/Users/kyleberry/sss/selsocsoc/dataconnect`\n"}}
[debug] [2026-09-27T22:58:44.567Z] E0927 18:58:44.567159   96014 watch.go:40] Failed to load config from "/Users/kyleberry/sss/selsocsoc/dataconnect": could not find dataconnect.yaml in `/Users/kyleberry/sss/selsocsoc/dataconnect`
 {"metadata":{"emulator":{"name":"dataconnect"},"message":"E0927 18:58:44.567159   96014 watch.go:40] Failed to load config from \"/Users/kyleberry/sss/selsocsoc/dataconnect\": could not find dataconnect.yaml in `/Users/kyleberry/sss/selsocsoc/dataconnect`\n"}}
[debug] [2026-09-27T22:58:54.564Z] E0927 18:58:54.564338   96014 watch.go:40] Failed to load config from "/Users/kyleberry/sss/selsocsoc/dataconnect": could not find dataconnect.yaml in `/Users/kyleberry/sss/selsocsoc/dataconnect`
 {"metadata":{"emulator":{"name":"dataconnect"},"message":"E0927 18:58:54.564338   96014 watch.go:40] Failed to load config from \"/Users/kyleberry/sss/selsocsoc/dataconnect\": could not find dataconnect.yaml in `/Users/kyleberry/sss/selsocsoc/dataconnect`\n"}}
[debug] [2026-09-27T22:59:04.566Z] E0927 18:59:04.565957   96014 watch.go:40] Failed to load config from "/Users/kyleberry/sss/selsocsoc/dataconnect": could not find dataconnect.yaml in `/Users/kyleberry/sss/selsocsoc/dataconnect`
 {"metadata":{"emulator":{"name":"dataconnect"},"message":"E0927 18:59:04.565957   96014 watch.go:40] Failed to load config from \"/Users/kyleberry/sss/selsocsoc/dataconnect\": could not find dataconnect.yaml in `/Users/kyleberry/sss/selsocsoc/dataconnect`\n"}}
[debug] [2026-09-27T22:59:04.572Z] E0927 18:59:04.565553   96014 watch.go:116] watchAllDir unable to walk dir `/Users/kyleberry/sss/selsocsoc/dataconnect`: lstat /Users/kyleberry/sss/selsocsoc/dataconnect: no such file or directory
 {"metadata":{"emulator":{"name":"dataconnect"},"message":"E0927 18:59:04.565553   96014 watch.go:116] watchAllDir unable to walk dir `/Users/kyleberry/sss/selsocsoc/dataconnect`: lstat /Users/kyleberry/sss/selsocsoc/dataconnect: no such file or directory\n"}}
[debug] [2026-09-27T22:59:14.565Z] E0927 18:59:14.564774   96014 watch.go:40] Failed to load config from "/Users/kyleberry/sss/selsocsoc/dataconnect": could not find dataconnect.yaml in `/Users/kyleberry/sss/selsocsoc/dataconnect`
 {"metadata":{"emulator":{"name":"dataconnect"},"message":"E0927 18:59:14.564774   96014 watch.go:40] Failed to load config from \"/Users/kyleberry/sss/selsocsoc/dataconnect\": could not find dataconnect.yaml in `/Users/kyleberry/sss/selsocsoc/dataconnect`\n"}}
[debug] [2026-09-27T22:59:24.564Z] E0927 18:59:24.564620   96014 watch.go:40] Failed to load config from "/Users/kyleberry/sss/selsocsoc/dataconnect": could not find dataconnect.yaml in `/Users/kyleberry/sss/selsocsoc/dataconnect`
 {"metadata":{"emulator":{"name":"dataconnect"},"message":"E0927 18:59:24.564620   96014 watch.go:40] Failed to load config from \"/Users/kyleberry/sss/selsocsoc/dataconnect\": could not find dataconnect.yaml in `/Users/kyleberry/sss/selsocsoc/dataconnect`\n"}}
[debug] [2026-09-27T22:59:34.564Z] E0927 18:59:34.564353   96014 watch.go:40] Failed to load config from "/Users/kyleberry/sss/selsocsoc/dataconnect": could not find dataconnect.yaml in `/Users/kyleberry/sss/selsocsoc/dataconnect`
 {"metadata":{"emulator":{"name":"dataconnect"},"message":"E0927 18:59:34.564353   96014 watch.go:40] Failed to load config from \"/Users/kyleberry/sss/selsocsoc/dataconnect\": could not find dataconnect.yaml in `/Users/kyleberry/sss/selsocsoc/dataconnect`\n"}}
[debug] [2026-09-27T22:59:44.566Z] E0927 18:59:44.565566   96014 watch.go:40] Failed to load config from "/Users/kyleberry/sss/selsocsoc/dataconnect": could not find dataconnect.yaml in `/Users/kyleberry/sss/selsocsoc/dataconnect`
 {"metadata":{"emulator":{"name":"dataconnect"},"message":"E0927 18:59:44.565566   96014 watch.go:40] Failed to load config from \"/Users/kyleberry/sss/selsocsoc/dataconnect\": could not find dataconnect.yaml in `/Users/kyleberry/sss/selsocsoc/dataconnect`\n"}}
[debug] [2026-09-27T22:59:54.565Z] E0927 18:59:54.564696   96014 watch.go:40] Failed to load config from "/Users/kyleberry/sss/selsocsoc/dataconnect": could not find dataconnect.yaml in `/Users/kyleberry/sss/selsocsoc/dataconnect`
 {"metadata":{"emulator":{"name":"dataconnect"},"message":"E0927 18:59:54.564696   96014 watch.go:40] Failed to load config from \"/Users/kyleberry/sss/selsocsoc/dataconnect\": could not find dataconnect.yaml in `/Users/kyleberry/sss/selsocsoc/dataconnect`\n"}}
[debug] [2026-09-27T23:00:04.564Z] E0927 19:00:04.564547   96014 watch.go:40] Failed to load config from "/Users/kyleberry/sss/selsocsoc/dataconnect": could not find dataconnect.yaml in `/Users/kyleberry/sss/selsocsoc/dataconnect`
 {"metadata":{"emulator":{"name":"dataconnect"},"message":"E0927 19:00:04.564547   96014 watch.go:40] Failed to load config from \"/Users/kyleberry/sss/selsocsoc/dataconnect\": could not find dataconnect.yaml in `/Users/kyleberry/sss/selsocsoc/dataconnect`\n"}}
[debug] [2026-09-27T23:00:04.565Z] E0927 19:00:04.564503   96014 watch.go:116] watchAllDir unable to walk dir `/Users/kyleberry/sss/selsocsoc/dataconnect`: lstat /Users/kyleberry/sss/selsocsoc/dataconnect: no such file or directory
 {"metadata":{"emulator":{"name":"dataconnect"},"message":"E0927 19:00:04.564503   96014 watch.go:116] watchAllDir unable to walk dir `/Users/kyleberry/sss/selsocsoc/dataconnect`: lstat /Users/kyleberry/sss/selsocsoc/dataconnect: no such file or directory\n"}}
[debug] [2026-09-27T23:00:14.564Z] E0927 19:00:14.564506   96014 watch.go:40] Failed to load config from "/Users/kyleberry/sss/selsocsoc/dataconnect": could not find dataconnect.yaml in `/Users/kyleberry/sss/selsocsoc/dataconnect`
 {"metadata":{"emulator":{"name":"dataconnect"},"message":"E0927 19:00:14.564506   96014 watch.go:40] Failed to load config from \"/Users/kyleberry/sss/selsocsoc/dataconnect\": could not find dataconnect.yaml in `/Users/kyleberry/sss/selsocsoc/dataconnect`\n"}}
[debug] [2026-09-27T23:00:24.564Z] E0927 19:00:24.564406   96014 watch.go:40] Failed to load config from "/Users/kyleberry/sss/selsocsoc/dataconnect": could not find dataconnect.yaml in `/Users/kyleberry/sss/selsocsoc/dataconnect`
 {"metadata":{"emulator":{"name":"dataconnect"},"message":"E0927 19:00:24.564406   96014 watch.go:40] Failed to load config from \"/Users/kyleberry/sss/selsocsoc/dataconnect\": could not find dataconnect.yaml in `/Users/kyleberry/sss/selsocsoc/dataconnect`\n"}}
[debug] [2026-09-27T23:00:34.564Z] E0927 19:00:34.563678   96014 watch.go:40] Failed to load config from "/Users/kyleberry/sss/selsocsoc/dataconnect": could not find dataconnect.yaml in `/Users/kyleberry/sss/selsocsoc/dataconnect`
 {"metadata":{"emulator":{"name":"dataconnect"},"message":"E0927 19:00:34.563678   96014 watch.go:40] Failed to load config from \"/Users/kyleberry/sss/selsocsoc/dataconnect\": could not find dataconnect.yaml in `/Users/kyleberry/sss/selsocsoc/dataconnect`\n"}}
[debug] [2026-09-27T23:00:44.565Z] E0927 19:00:44.564764   96014 watch.go:40] Failed to load config from "/Users/kyleberry/sss/selsocsoc/dataconnect": could not find dataconnect.yaml in `/Users/kyleberry/sss/selsocsoc/dataconnect`
 {"metadata":{"emulator":{"name":"dataconnect"},"message":"E0927 19:00:44.564764   96014 watch.go:40] Failed to load config from \"/Users/kyleberry/sss/selsocsoc/dataconnect\": could not find dataconnect.yaml in `/Users/kyleberry/sss/selsocsoc/dataconnect`\n"}}
[debug] [2026-09-27T23:00:54.564Z] E0927 19:00:54.563631   96014 watch.go:40] Failed to load config from "/Users/kyleberry/sss/selsocsoc/dataconnect": could not find dataconnect.yaml in `/Users/kyleberry/sss/selsocsoc/dataconnect`
 {"metadata":{"emulator":{"name":"dataconnect"},"message":"E0927 19:00:54.563631   96014 watch.go:40] Failed to load config from \"/Users/kyleberry/sss/selsocsoc/dataconnect\": could not find dataconnect.yaml in `/Users/kyleberry/sss/selsocsoc/dataconnect`\n"}}
[debug] [2026-09-27T23:01:04.564Z] E0927 19:01:04.564131   96014 watch.go:40] Failed to load config from "/Users/kyleberry/sss/selsocsoc/dataconnect": could not find dataconnect.yaml in `/Users/kyleberry/sss/selsocsoc/dataconnect`
 {"metadata":{"emulator":{"name":"dataconnect"},"message":"E0927 19:01:04.564131   96014 watch.go:40] Failed to load config from \"/Users/kyleberry/sss/selsocsoc/dataconnect\": could not find dataconnect.yaml in `/Users/kyleberry/sss/selsocsoc/dataconnect`\n"}}
[debug] [2026-09-27T23:01:04.565Z] E0927 19:01:04.565520   96014 watch.go:116] watchAllDir unable to walk dir `/Users/kyleberry/sss/selsocsoc/dataconnect`: lstat /Users/kyleberry/sss/selsocsoc/dataconnect: no such file or directory
 {"metadata":{"emulator":{"name":"dataconnect"},"message":"E0927 19:01:04.565520   96014 watch.go:116] watchAllDir unable to walk dir `/Users/kyleberry/sss/selsocsoc/dataconnect`: lstat /Users/kyleberry/sss/selsocsoc/dataconnect: no such file or directory\n"}}
[debug] [2026-09-27T23:01:14.570Z] E0927 19:01:14.569868   96014 watch.go:40] Failed to load config from "/Users/kyleberry/sss/selsocsoc/dataconnect": could not find dataconnect.yaml in `/Users/kyleberry/sss/selsocsoc/dataconnect`
 {"metadata":{"emulator":{"name":"dataconnect"},"message":"E0927 19:01:14.569868   96014 watch.go:40] Failed to load config from \"/Users/kyleberry/sss/selsocsoc/dataconnect\": could not find dataconnect.yaml in `/Users/kyleberry/sss/selsocsoc/dataconnect`\n"}}
[debug] [2026-09-27T23:01:24.564Z] E0927 19:01:24.564347   96014 watch.go:40] Failed to load config from "/Users/kyleberry/sss/selsocsoc/dataconnect": could not find dataconnect.yaml in `/Users/kyleberry/sss/selsocsoc/dataconnect`
 {"metadata":{"emulator":{"name":"dataconnect"},"message":"E0927 19:01:24.564347   96014 watch.go:40] Failed to load config from \"/Users/kyleberry/sss/selsocsoc/dataconnect\": could not find dataconnect.yaml in `/Users/kyleberry/sss/selsocsoc/dataconnect`\n"}}
[debug] [2026-09-27T23:01:34.564Z] E0927 19:01:34.564006   96014 watch.go:40] Failed to load config from "/Users/kyleberry/sss/selsocsoc/dataconnect": could not find dataconnect.yaml in `/Users/kyleberry/sss/selsocsoc/dataconnect`
 {"metadata":{"emulator":{"name":"dataconnect"},"message":"E0927 19:01:34.564006   96014 watch.go:40] Failed to load config from \"/Users/kyleberry/sss/selsocsoc/dataconnect\": could not find dataconnect.yaml in `/Users/kyleberry/sss/selsocsoc/dataconnect`\n"}}
[debug] [2026-09-27T23:01:44.563Z] E0927 19:01:44.563759   96014 watch.go:40] Failed to load config from "/Users/kyleberry/sss/selsocsoc/dataconnect": could not find dataconnect.yaml in `/Users/kyleberry/sss/selsocsoc/dataconnect`
 {"metadata":{"emulator":{"name":"dataconnect"},"message":"E0927 19:01:44.563759   96014 watch.go:40] Failed to load config from \"/Users/kyleberry/sss/selsocsoc/dataconnect\": could not find dataconnect.yaml in `/Users/kyleberry/sss/selsocsoc/dataconnect`\n"}}
[debug] [2026-09-27T23:01:54.564Z] E0927 19:01:54.564344   96014 watch.go:40] Failed to load config from "/Users/kyleberry/sss/selsocsoc/dataconnect": could not find dataconnect.yaml in `/Users/kyleberry/sss/selsocsoc/dataconnect`
 {"metadata":{"emulator":{"name":"dataconnect"},"message":"E0927 19:01:54.564344   96014 watch.go:40] Failed to load config from \"/Users/kyleberry/sss/selsocsoc/dataconnect\": could not find dataconnect.yaml in `/Users/kyleberry/sss/selsocsoc/dataconnect`\n"}}
[debug] [2026-09-27T23:02:04.563Z] E0927 19:02:04.563538   96014 watch.go:116] watchAllDir unable to walk dir `/Users/kyleberry/sss/selsocsoc/dataconnect`: lstat /Users/kyleberry/sss/selsocsoc/dataconnect: no such file or directory
E0927 19:02:04.563606   96014 watch.go:40] Failed to load config from "/Users/kyleberry/sss/selsocsoc/dataconnect": could not find dataconnect.yaml in `/Users/kyleberry/sss/selsocsoc/dataconnect`
 {"metadata":{"emulator":{"name":"dataconnect"},"message":"E0927 19:02:04.563538   96014 watch.go:116] watchAllDir unable to walk dir `/Users/kyleberry/sss/selsocsoc/dataconnect`: lstat /Users/kyleberry/sss/selsocsoc/dataconnect: no such file or directory\nE0927 19:02:04.563606   96014 watch.go:40] Failed to load config from \"/Users/kyleberry/sss/selsocsoc/dataconnect\": could not find dataconnect.yaml in `/Users/kyleberry/sss/selsocsoc/dataconnect`\n"}}
[debug] [2026-09-27T23:02:14.563Z] E0927 19:02:14.563386   96014 watch.go:40] Failed to load config from "/Users/kyleberry/sss/selsocsoc/dataconnect": could not find dataconnect.yaml in `/Users/kyleberry/sss/selsocsoc/dataconnect`
 {"metadata":{"emulator":{"name":"dataconnect"},"message":"E0927 19:02:14.563386   96014 watch.go:40] Failed to load config from \"/Users/kyleberry/sss/selsocsoc/dataconnect\": could not find dataconnect.yaml in `/Users/kyleberry/sss/selsocsoc/dataconnect`\n"}}
[debug] [2026-09-27T23:02:24.563Z] E0927 19:02:24.563718   96014 watch.go:40] Failed to load config from "/Users/kyleberry/sss/selsocsoc/dataconnect": could not find dataconnect.yaml in `/Users/kyleberry/sss/selsocsoc/dataconnect`
 {"metadata":{"emulator":{"name":"dataconnect"},"message":"E0927 19:02:24.563718   96014 watch.go:40] Failed to load config from \"/Users/kyleberry/sss/selsocsoc/dataconnect\": could not find dataconnect.yaml in `/Users/kyleberry/sss/selsocsoc/dataconnect`\n"}}
[debug] [2026-09-27T23:02:34.563Z] E0927 19:02:34.563720   96014 watch.go:40] Failed to load config from "/Users/kyleberry/sss/selsocsoc/dataconnect": could not find dataconnect.yaml in `/Users/kyleberry/sss/selsocsoc/dataconnect`
 {"metadata":{"emulator":{"name":"dataconnect"},"message":"E0927 19:02:34.563720   96014 watch.go:40] Failed to load config from \"/Users/kyleberry/sss/selsocsoc/dataconnect\": could not find dataconnect.yaml in `/Users/kyleberry/sss/selsocsoc/dataconnect`\n"}}
[debug] [2026-09-27T23:02:44.564Z] E0927 19:02:44.564087   96014 watch.go:40] Failed to load config from "/Users/kyleberry/sss/selsocsoc/dataconnect": could not find dataconnect.yaml in `/Users/kyleberry/sss/selsocsoc/dataconnect`
 {"metadata":{"emulator":{"name":"dataconnect"},"message":"E0927 19:02:44.564087   96014 watch.go:40] Failed to load config from \"/Users/kyleberry/sss/selsocsoc/dataconnect\": could not find dataconnect.yaml in `/Users/kyleberry/sss/selsocsoc/dataconnect`\n"}}
[debug] [2026-09-27T23:02:54.563Z] E0927 19:02:54.563596   96014 watch.go:40] Failed to load config from "/Users/kyleberry/sss/selsocsoc/dataconnect": could not find dataconnect.yaml in `/Users/kyleberry/sss/selsocsoc/dataconnect`
 {"metadata":{"emulator":{"name":"dataconnect"},"message":"E0927 19:02:54.563596   96014 watch.go:40] Failed to load config from \"/Users/kyleberry/sss/selsocsoc/dataconnect\": could not find dataconnect.yaml in `/Users/kyleberry/sss/selsocsoc/dataconnect`\n"}}
[debug] [2026-09-27T23:03:04.563Z] E0927 19:03:04.563617   96014 watch.go:116] watchAllDir unable to walk dir `/Users/kyleberry/sss/selsocsoc/dataconnect`: lstat /Users/kyleberry/sss/selsocsoc/dataconnect: no such file or directory
E0927 19:03:04.563658   96014 watch.go:40] Failed to load config from "/Users/kyleberry/sss/selsocsoc/dataconnect": could not find dataconnect.yaml in `/Users/kyleberry/sss/selsocsoc/dataconnect`
 {"metadata":{"emulator":{"name":"dataconnect"},"message":"E0927 19:03:04.563617   96014 watch.go:116] watchAllDir unable to walk dir `/Users/kyleberry/sss/selsocsoc/dataconnect`: lstat /Users/kyleberry/sss/selsocsoc/dataconnect: no such file or directory\nE0927 19:03:04.563658   96014 watch.go:40] Failed to load config from \"/Users/kyleberry/sss/selsocsoc/dataconnect\": could not find dataconnect.yaml in `/Users/kyleberry/sss/selsocsoc/dataconnect`\n"}}
[debug] [2026-09-27T23:03:14.565Z] E0927 19:03:14.564970   96014 watch.go:40] Failed to load config from "/Users/kyleberry/sss/selsocsoc/dataconnect": could not find dataconnect.yaml in `/Users/kyleberry/sss/selsocsoc/dataconnect`
 {"metadata":{"emulator":{"name":"dataconnect"},"message":"E0927 19:03:14.564970   96014 watch.go:40] Failed to load config from \"/Users/kyleberry/sss/selsocsoc/dataconnect\": could not find dataconnect.yaml in `/Users/kyleberry/sss/selsocsoc/dataconnect`\n"}}
[debug] [2026-09-27T23:03:24.565Z] E0927 19:03:24.565144   96014 watch.go:40] Failed to load config from "/Users/kyleberry/sss/selsocsoc/dataconnect": could not find dataconnect.yaml in `/Users/kyleberry/sss/selsocsoc/dataconnect`
 {"metadata":{"emulator":{"name":"dataconnect"},"message":"E0927 19:03:24.565144   96014 watch.go:40] Failed to load config from \"/Users/kyleberry/sss/selsocsoc/dataconnect\": could not find dataconnect.yaml in `/Users/kyleberry/sss/selsocsoc/dataconnect`\n"}}
[debug] [2026-09-27T23:03:34.563Z] E0927 19:03:34.563305   96014 watch.go:40] Failed to load config from "/Users/kyleberry/sss/selsocsoc/dataconnect": could not find dataconnect.yaml in `/Users/kyleberry/sss/selsocsoc/dataconnect`
 {"metadata":{"emulator":{"name":"dataconnect"},"message":"E0927 19:03:34.563305   96014 watch.go:40] Failed to load config from \"/Users/kyleberry/sss/selsocsoc/dataconnect\": could not find dataconnect.yaml in `/Users/kyleberry/sss/selsocsoc/dataconnect`\n"}}
[debug] [2026-09-27T23:03:44.564Z] E0927 19:03:44.564426   96014 watch.go:40] Failed to load config from "/Users/kyleberry/sss/selsocsoc/dataconnect": could not find dataconnect.yaml in `/Users/kyleberry/sss/selsocsoc/dataconnect`
 {"metadata":{"emulator":{"name":"dataconnect"},"message":"E0927 19:03:44.564426   96014 watch.go:40] Failed to load config from \"/Users/kyleberry/sss/selsocsoc/dataconnect\": could not find dataconnect.yaml in `/Users/kyleberry/sss/selsocsoc/dataconnect`\n"}}
[debug] [2026-09-27T23:03:54.563Z] E0927 19:03:54.563381   96014 watch.go:40] Failed to load config from "/Users/kyleberry/sss/selsocsoc/dataconnect": could not find dataconnect.yaml in `/Users/kyleberry/sss/selsocsoc/dataconnect`
 {"metadata":{"emulator":{"name":"dataconnect"},"message":"E0927 19:03:54.563381   96014 watch.go:40] Failed to load config from \"/Users/kyleberry/sss/selsocsoc/dataconnect\": could not find dataconnect.yaml in `/Users/kyleberry/sss/selsocsoc/dataconnect`\n"}}
[debug] [2026-09-27T23:04:04.564Z] E0927 19:04:04.563606   96014 watch.go:40] Failed to load config from "/Users/kyleberry/sss/selsocsoc/dataconnect": could not find dataconnect.yaml in `/Users/kyleberry/sss/selsocsoc/dataconnect`
 {"metadata":{"emulator":{"name":"dataconnect"},"message":"E0927 19:04:04.563606   96014 watch.go:40] Failed to load config from \"/Users/kyleberry/sss/selsocsoc/dataconnect\": could not find dataconnect.yaml in `/Users/kyleberry/sss/selsocsoc/dataconnect`\n"}}
[debug] [2026-09-27T23:04:04.570Z] E0927 19:04:04.565007   96014 watch.go:116] watchAllDir unable to walk dir `/Users/kyleberry/sss/selsocsoc/dataconnect`: lstat /Users/kyleberry/sss/selsocsoc/dataconnect: no such file or directory
 {"metadata":{"emulator":{"name":"dataconnect"},"message":"E0927 19:04:04.565007   96014 watch.go:116] watchAllDir unable to walk dir `/Users/kyleberry/sss/selsocsoc/dataconnect`: lstat /Users/kyleberry/sss/selsocsoc/dataconnect: no such file or directory\n"}}
[debug] [2026-09-27T23:04:14.564Z] E0927 19:04:14.564010   96014 watch.go:40] Failed to load config from "/Users/kyleberry/sss/selsocsoc/dataconnect": could not find dataconnect.yaml in `/Users/kyleberry/sss/selsocsoc/dataconnect`
 {"metadata":{"emulator":{"name":"dataconnect"},"message":"E0927 19:04:14.564010   96014 watch.go:40] Failed to load config from \"/Users/kyleberry/sss/selsocsoc/dataconnect\": could not find dataconnect.yaml in `/Users/kyleberry/sss/selsocsoc/dataconnect`\n"}}
[debug] [2026-09-27T23:04:24.566Z] E0927 19:04:24.566053   96014 watch.go:40] Failed to load config from "/Users/kyleberry/sss/selsocsoc/dataconnect": could not find dataconnect.yaml in `/Users/kyleberry/sss/selsocsoc/dataconnect`
 {"metadata":{"emulator":{"name":"dataconnect"},"message":"E0927 19:04:24.566053   96014 watch.go:40] Failed to load config from \"/Users/kyleberry/sss/selsocsoc/dataconnect\": could not find dataconnect.yaml in `/Users/kyleberry/sss/selsocsoc/dataconnect`\n"}}
[debug] [2026-09-27T23:04:34.563Z] E0927 19:04:34.563109   96014 watch.go:40] Failed to load config from "/Users/kyleberry/sss/selsocsoc/dataconnect": could not find dataconnect.yaml in `/Users/kyleberry/sss/selsocsoc/dataconnect`
 {"metadata":{"emulator":{"name":"dataconnect"},"message":"E0927 19:04:34.563109   96014 watch.go:40] Failed to load config from \"/Users/kyleberry/sss/selsocsoc/dataconnect\": could not find dataconnect.yaml in `/Users/kyleberry/sss/selsocsoc/dataconnect`\n"}}
[debug] [2026-09-27T23:04:44.563Z] E0927 19:04:44.563671   96014 watch.go:40] Failed to load config from "/Users/kyleberry/sss/selsocsoc/dataconnect": could not find dataconnect.yaml in `/Users/kyleberry/sss/selsocsoc/dataconnect`
 {"metadata":{"emulator":{"name":"dataconnect"},"message":"E0927 19:04:44.563671   96014 watch.go:40] Failed to load config from \"/Users/kyleberry/sss/selsocsoc/dataconnect\": could not find dataconnect.yaml in `/Users/kyleberry/sss/selsocsoc/dataconnect`\n"}}
[debug] [2026-09-27T23:04:54.563Z] E0927 19:04:54.563648   96014 watch.go:40] Failed to load config from "/Users/kyleberry/sss/selsocsoc/dataconnect": could not find dataconnect.yaml in `/Users/kyleberry/sss/selsocsoc/dataconnect`
 {"metadata":{"emulator":{"name":"dataconnect"},"message":"E0927 19:04:54.563648   96014 watch.go:40] Failed to load config from \"/Users/kyleberry/sss/selsocsoc/dataconnect\": could not find dataconnect.yaml in `/Users/kyleberry/sss/selsocsoc/dataconnect`\n"}}
[debug] [2026-09-27T23:05:04.563Z] E0927 19:05:04.563533   96014 watch.go:40] Failed to load config from "/Users/kyleberry/sss/selsocsoc/dataconnect": could not find dataconnect.yaml in `/Users/kyleberry/sss/selsocsoc/dataconnect`
E0927 19:05:04.563499   96014 watch.go:116] watchAllDir unable to walk dir `/Users/kyleberry/sss/selsocsoc/dataconnect`: lstat /Users/kyleberry/sss/selsocsoc/dataconnect: no such file or directory
 {"metadata":{"emulator":{"name":"dataconnect"},"message":"E0927 19:05:04.563533   96014 watch.go:40] Failed to load config from \"/Users/kyleberry/sss/selsocsoc/dataconnect\": could not find dataconnect.yaml in `/Users/kyleberry/sss/selsocsoc/dataconnect`\nE0927 19:05:04.563499   96014 watch.go:116] watchAllDir unable to walk dir `/Users/kyleberry/sss/selsocsoc/dataconnect`: lstat /Users/kyleberry/sss/selsocsoc/dataconnect: no such file or directory\n"}}
[debug] [2026-09-27T23:05:14.563Z] E0927 19:05:14.563609   96014 watch.go:40] Failed to load config from "/Users/kyleberry/sss/selsocsoc/dataconnect": could not find dataconnect.yaml in `/Users/kyleberry/sss/selsocsoc/dataconnect`
 {"metadata":{"emulator":{"name":"dataconnect"},"message":"E0927 19:05:14.563609   96014 watch.go:40] Failed to load config from \"/Users/kyleberry/sss/selsocsoc/dataconnect\": could not find dataconnect.yaml in `/Users/kyleberry/sss/selsocsoc/dataconnect`\n"}}
[debug] [2026-09-27T23:05:24.564Z] E0927 19:05:24.563849   96014 watch.go:40] Failed to load config from "/Users/kyleberry/sss/selsocsoc/dataconnect": could not find dataconnect.yaml in `/Users/kyleberry/sss/selsocsoc/dataconnect`
 {"metadata":{"emulator":{"name":"dataconnect"},"message":"E0927 19:05:24.563849   96014 watch.go:40] Failed to load config from \"/Users/kyleberry/sss/selsocsoc/dataconnect\": could not find dataconnect.yaml in `/Users/kyleberry/sss/selsocsoc/dataconnect`\n"}}
[debug] [2026-09-27T23:05:34.563Z] E0927 19:05:34.563376   96014 watch.go:40] Failed to load config from "/Users/kyleberry/sss/selsocsoc/dataconnect": could not find dataconnect.yaml in `/Users/kyleberry/sss/selsocsoc/dataconnect`
 {"metadata":{"emulator":{"name":"dataconnect"},"message":"E0927 19:05:34.563376   96014 watch.go:40] Failed to load config from \"/Users/kyleberry/sss/selsocsoc/dataconnect\": could not find dataconnect.yaml in `/Users/kyleberry/sss/selsocsoc/dataconnect`\n"}}
[debug] [2026-09-27T23:05:44.564Z] E0927 19:05:44.563956   96014 watch.go:40] Failed to load config from "/Users/kyleberry/sss/selsocsoc/dataconnect": could not find dataconnect.yaml in `/Users/kyleberry/sss/selsocsoc/dataconnect`
 {"metadata":{"emulator":{"name":"dataconnect"},"message":"E0927 19:05:44.563956   96014 watch.go:40] Failed to load config from \"/Users/kyleberry/sss/selsocsoc/dataconnect\": could not find dataconnect.yaml in `/Users/kyleberry/sss/selsocsoc/dataconnect`\n"}}
[debug] [2026-09-27T23:05:54.563Z] E0927 19:05:54.562766   96014 watch.go:40] Failed to load config from "/Users/kyleberry/sss/selsocsoc/dataconnect": could not find dataconnect.yaml in `/Users/kyleberry/sss/selsocsoc/dataconnect`
 {"metadata":{"emulator":{"name":"dataconnect"},"message":"E0927 19:05:54.562766   96014 watch.go:40] Failed to load config from \"/Users/kyleberry/sss/selsocsoc/dataconnect\": could not find dataconnect.yaml in `/Users/kyleberry/sss/selsocsoc/dataconnect`\n"}}
[debug] [2026-09-27T23:06:04.563Z] E0927 19:06:04.563145   96014 watch.go:40] Failed to load config from "/Users/kyleberry/sss/selsocsoc/dataconnect": could not find dataconnect.yaml in `/Users/kyleberry/sss/selsocsoc/dataconnect`
 {"metadata":{"emulator":{"name":"dataconnect"},"message":"E0927 19:06:04.563145   96014 watch.go:40] Failed to load config from \"/Users/kyleberry/sss/selsocsoc/dataconnect\": could not find dataconnect.yaml in `/Users/kyleberry/sss/selsocsoc/dataconnect`\n"}}
[debug] [2026-09-27T23:06:04.563Z] E0927 19:06:04.563141   96014 watch.go:116] watchAllDir unable to walk dir `/Users/kyleberry/sss/selsocsoc/dataconnect`: lstat /Users/kyleberry/sss/selsocsoc/dataconnect: no such file or directory
 {"metadata":{"emulator":{"name":"dataconnect"},"message":"E0927 19:06:04.563141   96014 watch.go:116] watchAllDir unable to walk dir `/Users/kyleberry/sss/selsocsoc/dataconnect`: lstat /Users/kyleberry/sss/selsocsoc/dataconnect: no such file or directory\n"}}
[debug] [2026-09-27T23:06:14.562Z] E0927 19:06:14.562729   96014 watch.go:40] Failed to load config from "/Users/kyleberry/sss/selsocsoc/dataconnect": could not find dataconnect.yaml in `/Users/kyleberry/sss/selsocsoc/dataconnect`
 {"metadata":{"emulator":{"name":"dataconnect"},"message":"E0927 19:06:14.562729   96014 watch.go:40] Failed to load config from \"/Users/kyleberry/sss/selsocsoc/dataconnect\": could not find dataconnect.yaml in `/Users/kyleberry/sss/selsocsoc/dataconnect`\n"}}
[debug] [2026-09-27T23:06:24.564Z] E0927 19:06:24.563543   96014 watch.go:40] Failed to load config from "/Users/kyleberry/sss/selsocsoc/dataconnect": could not find dataconnect.yaml in `/Users/kyleberry/sss/selsocsoc/dataconnect`
 {"metadata":{"emulator":{"name":"dataconnect"},"message":"E0927 19:06:24.563543   96014 watch.go:40] Failed to load config from \"/Users/kyleberry/sss/selsocsoc/dataconnect\": could not find dataconnect.yaml in `/Users/kyleberry/sss/selsocsoc/dataconnect`\n"}}
[debug] [2026-09-27T23:06:34.563Z] E0927 19:06:34.563086   96014 watch.go:40] Failed to load config from "/Users/kyleberry/sss/selsocsoc/dataconnect": could not find dataconnect.yaml in `/Users/kyleberry/sss/selsocsoc/dataconnect`
 {"metadata":{"emulator":{"name":"dataconnect"},"message":"E0927 19:06:34.563086   96014 watch.go:40] Failed to load config from \"/Users/kyleberry/sss/selsocsoc/dataconnect\": could not find dataconnect.yaml in `/Users/kyleberry/sss/selsocsoc/dataconnect`\n"}}
[debug] [2026-09-27T23:06:44.562Z] E0927 19:06:44.562521   96014 watch.go:40] Failed to load config from "/Users/kyleberry/sss/selsocsoc/dataconnect": could not find dataconnect.yaml in `/Users/kyleberry/sss/selsocsoc/dataconnect`
 {"metadata":{"emulator":{"name":"dataconnect"},"message":"E0927 19:06:44.562521   96014 watch.go:40] Failed to load config from \"/Users/kyleberry/sss/selsocsoc/dataconnect\": could not find dataconnect.yaml in `/Users/kyleberry/sss/selsocsoc/dataconnect`\n"}}
[debug] [2026-09-27T23:06:54.563Z] E0927 19:06:54.563328   96014 watch.go:40] Failed to load config from "/Users/kyleberry/sss/selsocsoc/dataconnect": could not find dataconnect.yaml in `/Users/kyleberry/sss/selsocsoc/dataconnect`
 {"metadata":{"emulator":{"name":"dataconnect"},"message":"E0927 19:06:54.563328   96014 watch.go:40] Failed to load config from \"/Users/kyleberry/sss/selsocsoc/dataconnect\": could not find dataconnect.yaml in `/Users/kyleberry/sss/selsocsoc/dataconnect`\n"}}
[debug] [2026-09-27T23:07:04.563Z] E0927 19:07:04.563025   96014 watch.go:40] Failed to load config from "/Users/kyleberry/sss/selsocsoc/dataconnect": could not find dataconnect.yaml in `/Users/kyleberry/sss/selsocsoc/dataconnect`
E0927 19:07:04.563003   96014 watch.go:116] watchAllDir unable to walk dir `/Users/kyleberry/sss/selsocsoc/dataconnect`: lstat /Users/kyleberry/sss/selsocsoc/dataconnect: no such file or directory
 {"metadata":{"emulator":{"name":"dataconnect"},"message":"E0927 19:07:04.563025   96014 watch.go:40] Failed to load config from \"/Users/kyleberry/sss/selsocsoc/dataconnect\": could not find dataconnect.yaml in `/Users/kyleberry/sss/selsocsoc/dataconnect`\nE0927 19:07:04.563003   96014 watch.go:116] watchAllDir unable to walk dir `/Users/kyleberry/sss/selsocsoc/dataconnect`: lstat /Users/kyleberry/sss/selsocsoc/dataconnect: no such file or directory\n"}}
[debug] [2026-09-27T23:07:14.563Z] E0927 19:07:14.563238   96014 watch.go:40] Failed to load config from "/Users/kyleberry/sss/selsocsoc/dataconnect": could not find dataconnect.yaml in `/Users/kyleberry/sss/selsocsoc/dataconnect`
 {"metadata":{"emulator":{"name":"dataconnect"},"message":"E0927 19:07:14.563238   96014 watch.go:40] Failed to load config from \"/Users/kyleberry/sss/selsocsoc/dataconnect\": could not find dataconnect.yaml in `/Users/kyleberry/sss/selsocsoc/dataconnect`\n"}}
[debug] [2026-09-27T23:07:24.563Z] E0927 19:07:24.563275   96014 watch.go:40] Failed to load config from "/Users/kyleberry/sss/selsocsoc/dataconnect": could not find dataconnect.yaml in `/Users/kyleberry/sss/selsocsoc/dataconnect`
 {"metadata":{"emulator":{"name":"dataconnect"},"message":"E0927 19:07:24.563275   96014 watch.go:40] Failed to load config from \"/Users/kyleberry/sss/selsocsoc/dataconnect\": could not find dataconnect.yaml in `/Users/kyleberry/sss/selsocsoc/dataconnect`\n"}}
[debug] [2026-09-27T23:07:34.563Z] E0927 19:07:34.562947   96014 watch.go:40] Failed to load config from "/Users/kyleberry/sss/selsocsoc/dataconnect": could not find dataconnect.yaml in `/Users/kyleberry/sss/selsocsoc/dataconnect`
 {"metadata":{"emulator":{"name":"dataconnect"},"message":"E0927 19:07:34.562947   96014 watch.go:40] Failed to load config from \"/Users/kyleberry/sss/selsocsoc/dataconnect\": could not find dataconnect.yaml in `/Users/kyleberry/sss/selsocsoc/dataconnect`\n"}}
[debug] [2026-09-27T23:07:44.564Z] E0927 19:07:44.563180   96014 watch.go:40] Failed to load config from "/Users/kyleberry/sss/selsocsoc/dataconnect": could not find dataconnect.yaml in `/Users/kyleberry/sss/selsocsoc/dataconnect`
 {"metadata":{"emulator":{"name":"dataconnect"},"message":"E0927 19:07:44.563180   96014 watch.go:40] Failed to load config from \"/Users/kyleberry/sss/selsocsoc/dataconnect\": could not find dataconnect.yaml in `/Users/kyleberry/sss/selsocsoc/dataconnect`\n"}}
[debug] [2026-09-27T23:07:54.563Z] E0927 19:07:54.563212   96014 watch.go:40] Failed to load config from "/Users/kyleberry/sss/selsocsoc/dataconnect": could not find dataconnect.yaml in `/Users/kyleberry/sss/selsocsoc/dataconnect`
 {"metadata":{"emulator":{"name":"dataconnect"},"message":"E0927 19:07:54.563212   96014 watch.go:40] Failed to load config from \"/Users/kyleberry/sss/selsocsoc/dataconnect\": could not find dataconnect.yaml in `/Users/kyleberry/sss/selsocsoc/dataconnect`\n"}}
[debug] [2026-09-27T23:08:04.562Z] E0927 19:08:04.562329   96014 watch.go:40] Failed to load config from "/Users/kyleberry/sss/selsocsoc/dataconnect": could not find dataconnect.yaml in `/Users/kyleberry/sss/selsocsoc/dataconnect`
E0927 19:08:04.562292   96014 watch.go:116] watchAllDir unable to walk dir `/Users/kyleberry/sss/selsocsoc/dataconnect`: lstat /Users/kyleberry/sss/selsocsoc/dataconnect: no such file or directory
 {"metadata":{"emulator":{"name":"dataconnect"},"message":"E0927 19:08:04.562329   96014 watch.go:40] Failed to load config from \"/Users/kyleberry/sss/selsocsoc/dataconnect\": could not find dataconnect.yaml in `/Users/kyleberry/sss/selsocsoc/dataconnect`\nE0927 19:08:04.562292   96014 watch.go:116] watchAllDir unable to walk dir `/Users/kyleberry/sss/selsocsoc/dataconnect`: lstat /Users/kyleberry/sss/selsocsoc/dataconnect: no such file or directory\n"}}
[debug] [2026-09-27T23:08:14.563Z] E0927 19:08:14.562996   96014 watch.go:40] Failed to load config from "/Users/kyleberry/sss/selsocsoc/dataconnect": could not find dataconnect.yaml in `/Users/kyleberry/sss/selsocsoc/dataconnect`
 {"metadata":{"emulator":{"name":"dataconnect"},"message":"E0927 19:08:14.562996   96014 watch.go:40] Failed to load config from \"/Users/kyleberry/sss/selsocsoc/dataconnect\": could not find dataconnect.yaml in `/Users/kyleberry/sss/selsocsoc/dataconnect`\n"}}
[debug] [2026-09-27T23:08:24.562Z] E0927 19:08:24.562506   96014 watch.go:40] Failed to load config from "/Users/kyleberry/sss/selsocsoc/dataconnect": could not find dataconnect.yaml in `/Users/kyleberry/sss/selsocsoc/dataconnect`
 {"metadata":{"emulator":{"name":"dataconnect"},"message":"E0927 19:08:24.562506   96014 watch.go:40] Failed to load config from \"/Users/kyleberry/sss/selsocsoc/dataconnect\": could not find dataconnect.yaml in `/Users/kyleberry/sss/selsocsoc/dataconnect`\n"}}
[debug] [2026-09-27T23:08:34.563Z] E0927 19:08:34.562788   96014 watch.go:40] Failed to load config from "/Users/kyleberry/sss/selsocsoc/dataconnect": could not find dataconnect.yaml in `/Users/kyleberry/sss/selsocsoc/dataconnect`
 {"metadata":{"emulator":{"name":"dataconnect"},"message":"E0927 19:08:34.562788   96014 watch.go:40] Failed to load config from \"/Users/kyleberry/sss/selsocsoc/dataconnect\": could not find dataconnect.yaml in `/Users/kyleberry/sss/selsocsoc/dataconnect`\n"}}
[debug] [2026-09-27T23:08:44.563Z] E0927 19:08:44.563178   96014 watch.go:40] Failed to load config from "/Users/kyleberry/sss/selsocsoc/dataconnect": could not find dataconnect.yaml in `/Users/kyleberry/sss/selsocsoc/dataconnect`
 {"metadata":{"emulator":{"name":"dataconnect"},"message":"E0927 19:08:44.563178   96014 watch.go:40] Failed to load config from \"/Users/kyleberry/sss/selsocsoc/dataconnect\": could not find dataconnect.yaml in `/Users/kyleberry/sss/selsocsoc/dataconnect`\n"}}
[debug] [2026-09-27T23:08:54.565Z] E0927 19:08:54.564337   96014 watch.go:40] Failed to load config from "/Users/kyleberry/sss/selsocsoc/dataconnect": could not find dataconnect.yaml in `/Users/kyleberry/sss/selsocsoc/dataconnect`
 {"metadata":{"emulator":{"name":"dataconnect"},"message":"E0927 19:08:54.564337   96014 watch.go:40] Failed to load config from \"/Users/kyleberry/sss/selsocsoc/dataconnect\": could not find dataconnect.yaml in `/Users/kyleberry/sss/selsocsoc/dataconnect`\n"}}
[debug] [2026-09-27T23:09:04.562Z] E0927 19:09:04.562662   96014 watch.go:40] Failed to load config from "/Users/kyleberry/sss/selsocsoc/dataconnect": could not find dataconnect.yaml in `/Users/kyleberry/sss/selsocsoc/dataconnect`
 {"metadata":{"emulator":{"name":"dataconnect"},"message":"E0927 19:09:04.562662   96014 watch.go:40] Failed to load config from \"/Users/kyleberry/sss/selsocsoc/dataconnect\": could not find dataconnect.yaml in `/Users/kyleberry/sss/selsocsoc/dataconnect`\n"}}
[debug] [2026-09-27T23:09:04.563Z] E0927 19:09:04.562703   96014 watch.go:116] watchAllDir unable to walk dir `/Users/kyleberry/sss/selsocsoc/dataconnect`: lstat /Users/kyleberry/sss/selsocsoc/dataconnect: no such file or directory
 {"metadata":{"emulator":{"name":"dataconnect"},"message":"E0927 19:09:04.562703   96014 watch.go:116] watchAllDir unable to walk dir `/Users/kyleberry/sss/selsocsoc/dataconnect`: lstat /Users/kyleberry/sss/selsocsoc/dataconnect: no such file or directory\n"}}
[debug] [2026-09-27T23:09:14.563Z] E0927 19:09:14.562827   96014 watch.go:40] Failed to load config from "/Users/kyleberry/sss/selsocsoc/dataconnect": could not find dataconnect.yaml in `/Users/kyleberry/sss/selsocsoc/dataconnect`
 {"metadata":{"emulator":{"name":"dataconnect"},"message":"E0927 19:09:14.562827   96014 watch.go:40] Failed to load config from \"/Users/kyleberry/sss/selsocsoc/dataconnect\": could not find dataconnect.yaml in `/Users/kyleberry/sss/selsocsoc/dataconnect`\n"}}
[debug] [2026-09-27T23:09:24.562Z] E0927 19:09:24.562117   96014 watch.go:40] Failed to load config from "/Users/kyleberry/sss/selsocsoc/dataconnect": could not find dataconnect.yaml in `/Users/kyleberry/sss/selsocsoc/dataconnect`
 {"metadata":{"emulator":{"name":"dataconnect"},"message":"E0927 19:09:24.562117   96014 watch.go:40] Failed to load config from \"/Users/kyleberry/sss/selsocsoc/dataconnect\": could not find dataconnect.yaml in `/Users/kyleberry/sss/selsocsoc/dataconnect`\n"}}
[debug] [2026-09-27T23:09:34.563Z] E0927 19:09:34.562743   96014 watch.go:40] Failed to load config from "/Users/kyleberry/sss/selsocsoc/dataconnect": could not find dataconnect.yaml in `/Users/kyleberry/sss/selsocsoc/dataconnect`
 {"metadata":{"emulator":{"name":"dataconnect"},"message":"E0927 19:09:34.562743   96014 watch.go:40] Failed to load config from \"/Users/kyleberry/sss/selsocsoc/dataconnect\": could not find dataconnect.yaml in `/Users/kyleberry/sss/selsocsoc/dataconnect`\n"}}
[debug] [2026-09-27T23:09:44.563Z] E0927 19:09:44.562973   96014 watch.go:40] Failed to load config from "/Users/kyleberry/sss/selsocsoc/dataconnect": could not find dataconnect.yaml in `/Users/kyleberry/sss/selsocsoc/dataconnect`
 {"metadata":{"emulator":{"name":"dataconnect"},"message":"E0927 19:09:44.562973   96014 watch.go:40] Failed to load config from \"/Users/kyleberry/sss/selsocsoc/dataconnect\": could not find dataconnect.yaml in `/Users/kyleberry/sss/selsocsoc/dataconnect`\n"}}
[debug] [2026-09-27T23:09:54.567Z] E0927 19:09:54.567268   96014 watch.go:40] Failed to load config from "/Users/kyleberry/sss/selsocsoc/dataconnect": could not find dataconnect.yaml in `/Users/kyleberry/sss/selsocsoc/dataconnect`
 {"metadata":{"emulator":{"name":"dataconnect"},"message":"E0927 19:09:54.567268   96014 watch.go:40] Failed to load config from \"/Users/kyleberry/sss/selsocsoc/dataconnect\": could not find dataconnect.yaml in `/Users/kyleberry/sss/selsocsoc/dataconnect`\n"}}
[debug] [2026-09-27T23:10:04.562Z] E0927 19:10:04.562052   96014 watch.go:40] Failed to load config from "/Users/kyleberry/sss/selsocsoc/dataconnect": could not find dataconnect.yaml in `/Users/kyleberry/sss/selsocsoc/dataconnect`
E0927 19:10:04.562023   96014 watch.go:116] watchAllDir unable to walk dir `/Users/kyleberry/sss/selsocsoc/dataconnect`: lstat /Users/kyleberry/sss/selsocsoc/dataconnect: no such file or directory
 {"metadata":{"emulator":{"name":"dataconnect"},"message":"E0927 19:10:04.562052   96014 watch.go:40] Failed to load config from \"/Users/kyleberry/sss/selsocsoc/dataconnect\": could not find dataconnect.yaml in `/Users/kyleberry/sss/selsocsoc/dataconnect`\nE0927 19:10:04.562023   96014 watch.go:116] watchAllDir unable to walk dir `/Users/kyleberry/sss/selsocsoc/dataconnect`: lstat /Users/kyleberry/sss/selsocsoc/dataconnect: no such file or directory\n"}}
[debug] [2026-09-27T23:10:14.563Z] E0927 19:10:14.562897   96014 watch.go:40] Failed to load config from "/Users/kyleberry/sss/selsocsoc/dataconnect": could not find dataconnect.yaml in `/Users/kyleberry/sss/selsocsoc/dataconnect`
 {"metadata":{"emulator":{"name":"dataconnect"},"message":"E0927 19:10:14.562897   96014 watch.go:40] Failed to load config from \"/Users/kyleberry/sss/selsocsoc/dataconnect\": could not find dataconnect.yaml in `/Users/kyleberry/sss/selsocsoc/dataconnect`\n"}}
[debug] [2026-09-27T23:10:24.562Z] E0927 19:10:24.562731   96014 watch.go:40] Failed to load config from "/Users/kyleberry/sss/selsocsoc/dataconnect": could not find dataconnect.yaml in `/Users/kyleberry/sss/selsocsoc/dataconnect`
 {"metadata":{"emulator":{"name":"dataconnect"},"message":"E0927 19:10:24.562731   96014 watch.go:40] Failed to load config from \"/Users/kyleberry/sss/selsocsoc/dataconnect\": could not find dataconnect.yaml in `/Users/kyleberry/sss/selsocsoc/dataconnect`\n"}}
[debug] [2026-09-27T23:10:34.518Z] E0927 19:10:34.513485   96014 watch.go:40] Failed to load config from "/Users/kyleberry/sss/selsocsoc/dataconnect": could not find dataconnect.yaml in `/Users/kyleberry/sss/selsocsoc/dataconnect`
 {"metadata":{"emulator":{"name":"dataconnect"},"message":"E0927 19:10:34.513485   96014 watch.go:40] Failed to load config from \"/Users/kyleberry/sss/selsocsoc/dataconnect\": could not find dataconnect.yaml in `/Users/kyleberry/sss/selsocsoc/dataconnect`\n"}}
[debug] [2026-09-27T23:10:44.512Z] E0927 19:10:44.511677   96014 watch.go:40] Failed to load config from "/Users/kyleberry/sss/selsocsoc/dataconnect": could not find dataconnect.yaml in `/Users/kyleberry/sss/selsocsoc/dataconnect`
 {"metadata":{"emulator":{"name":"dataconnect"},"message":"E0927 19:10:44.511677   96014 watch.go:40] Failed to load config from \"/Users/kyleberry/sss/selsocsoc/dataconnect\": could not find dataconnect.yaml in `/Users/kyleberry/sss/selsocsoc/dataconnect`\n"}}
[debug] [2026-09-27T23:10:54.510Z] E0927 19:10:54.510620   96014 watch.go:40] Failed to load config from "/Users/kyleberry/sss/selsocsoc/dataconnect": could not find dataconnect.yaml in `/Users/kyleberry/sss/selsocsoc/dataconnect`
 {"metadata":{"emulator":{"name":"dataconnect"},"message":"E0927 19:10:54.510620   96014 watch.go:40] Failed to load config from \"/Users/kyleberry/sss/selsocsoc/dataconnect\": could not find dataconnect.yaml in `/Users/kyleberry/sss/selsocsoc/dataconnect`\n"}}
[debug] [2026-09-27T23:11:04.509Z] E0927 19:11:04.509702   96014 watch.go:40] Failed to load config from "/Users/kyleberry/sss/selsocsoc/dataconnect": could not find dataconnect.yaml in `/Users/kyleberry/sss/selsocsoc/dataconnect`
 {"metadata":{"emulator":{"name":"dataconnect"},"message":"E0927 19:11:04.509702   96014 watch.go:40] Failed to load config from \"/Users/kyleberry/sss/selsocsoc/dataconnect\": could not find dataconnect.yaml in `/Users/kyleberry/sss/selsocsoc/dataconnect`\n"}}
[debug] [2026-09-27T23:11:04.511Z] E0927 19:11:04.509676   96014 watch.go:116] watchAllDir unable to walk dir `/Users/kyleberry/sss/selsocsoc/dataconnect`: lstat /Users/kyleberry/sss/selsocsoc/dataconnect: no such file or directory
 {"metadata":{"emulator":{"name":"dataconnect"},"message":"E0927 19:11:04.509676   96014 watch.go:116] watchAllDir unable to walk dir `/Users/kyleberry/sss/selsocsoc/dataconnect`: lstat /Users/kyleberry/sss/selsocsoc/dataconnect: no such file or directory\n"}}
[debug] [2026-09-27T23:11:14.509Z] E0927 19:11:14.508711   96014 watch.go:40] Failed to load config from "/Users/kyleberry/sss/selsocsoc/dataconnect": could not find dataconnect.yaml in `/Users/kyleberry/sss/selsocsoc/dataconnect`
 {"metadata":{"emulator":{"name":"dataconnect"},"message":"E0927 19:11:14.508711   96014 watch.go:40] Failed to load config from \"/Users/kyleberry/sss/selsocsoc/dataconnect\": could not find dataconnect.yaml in `/Users/kyleberry/sss/selsocsoc/dataconnect`\n"}}
[debug] [2026-09-27T23:11:24.510Z] E0927 19:11:24.509583   96014 watch.go:40] Failed to load config from "/Users/kyleberry/sss/selsocsoc/dataconnect": could not find dataconnect.yaml in `/Users/kyleberry/sss/selsocsoc/dataconnect`
 {"metadata":{"emulator":{"name":"dataconnect"},"message":"E0927 19:11:24.509583   96014 watch.go:40] Failed to load config from \"/Users/kyleberry/sss/selsocsoc/dataconnect\": could not find dataconnect.yaml in `/Users/kyleberry/sss/selsocsoc/dataconnect`\n"}}
[debug] [2026-09-27T23:11:34.510Z] E0927 19:11:34.510318   96014 watch.go:40] Failed to load config from "/Users/kyleberry/sss/selsocsoc/dataconnect": could not find dataconnect.yaml in `/Users/kyleberry/sss/selsocsoc/dataconnect`
 {"metadata":{"emulator":{"name":"dataconnect"},"message":"E0927 19:11:34.510318   96014 watch.go:40] Failed to load config from \"/Users/kyleberry/sss/selsocsoc/dataconnect\": could not find dataconnect.yaml in `/Users/kyleberry/sss/selsocsoc/dataconnect`\n"}}
[debug] [2026-09-27T23:11:44.508Z] E0927 19:11:44.508400   96014 watch.go:40] Failed to load config from "/Users/kyleberry/sss/selsocsoc/dataconnect": could not find dataconnect.yaml in `/Users/kyleberry/sss/selsocsoc/dataconnect`
 {"metadata":{"emulator":{"name":"dataconnect"},"message":"E0927 19:11:44.508400   96014 watch.go:40] Failed to load config from \"/Users/kyleberry/sss/selsocsoc/dataconnect\": could not find dataconnect.yaml in `/Users/kyleberry/sss/selsocsoc/dataconnect`\n"}}
[debug] [2026-09-27T23:11:54.509Z] E0927 19:11:54.509169   96014 watch.go:40] Failed to load config from "/Users/kyleberry/sss/selsocsoc/dataconnect": could not find dataconnect.yaml in `/Users/kyleberry/sss/selsocsoc/dataconnect`
 {"metadata":{"emulator":{"name":"dataconnect"},"message":"E0927 19:11:54.509169   96014 watch.go:40] Failed to load config from \"/Users/kyleberry/sss/selsocsoc/dataconnect\": could not find dataconnect.yaml in `/Users/kyleberry/sss/selsocsoc/dataconnect`\n"}}
[debug] [2026-09-27T23:12:04.510Z] E0927 19:12:04.508874   96014 watch.go:40] Failed to load config from "/Users/kyleberry/sss/selsocsoc/dataconnect": could not find dataconnect.yaml in `/Users/kyleberry/sss/selsocsoc/dataconnect`
E0927 19:12:04.508807   96014 watch.go:116] watchAllDir unable to walk dir `/Users/kyleberry/sss/selsocsoc/dataconnect`: lstat /Users/kyleberry/sss/selsocsoc/dataconnect: no such file or directory
 {"metadata":{"emulator":{"name":"dataconnect"},"message":"E0927 19:12:04.508874   96014 watch.go:40] Failed to load config from \"/Users/kyleberry/sss/selsocsoc/dataconnect\": could not find dataconnect.yaml in `/Users/kyleberry/sss/selsocsoc/dataconnect`\nE0927 19:12:04.508807   96014 watch.go:116] watchAllDir unable to walk dir `/Users/kyleberry/sss/selsocsoc/dataconnect`: lstat /Users/kyleberry/sss/selsocsoc/dataconnect: no such file or directory\n"}}
[debug] [2026-09-27T23:12:14.509Z] E0927 19:12:14.508853   96014 watch.go:40] Failed to load config from "/Users/kyleberry/sss/selsocsoc/dataconnect": could not find dataconnect.yaml in `/Users/kyleberry/sss/selsocsoc/dataconnect`
 {"metadata":{"emulator":{"name":"dataconnect"},"message":"E0927 19:12:14.508853   96014 watch.go:40] Failed to load config from \"/Users/kyleberry/sss/selsocsoc/dataconnect\": could not find dataconnect.yaml in `/Users/kyleberry/sss/selsocsoc/dataconnect`\n"}}
[debug] [2026-09-27T23:12:24.509Z] E0927 19:12:24.508692   96014 watch.go:40] Failed to load config from "/Users/kyleberry/sss/selsocsoc/dataconnect": could not find dataconnect.yaml in `/Users/kyleberry/sss/selsocsoc/dataconnect`
 {"metadata":{"emulator":{"name":"dataconnect"},"message":"E0927 19:12:24.508692   96014 watch.go:40] Failed to load config from \"/Users/kyleberry/sss/selsocsoc/dataconnect\": could not find dataconnect.yaml in `/Users/kyleberry/sss/selsocsoc/dataconnect`\n"}}
[debug] [2026-09-27T23:12:34.508Z] E0927 19:12:34.508455   96014 watch.go:40] Failed to load config from "/Users/kyleberry/sss/selsocsoc/dataconnect": could not find dataconnect.yaml in `/Users/kyleberry/sss/selsocsoc/dataconnect`
 {"metadata":{"emulator":{"name":"dataconnect"},"message":"E0927 19:12:34.508455   96014 watch.go:40] Failed to load config from \"/Users/kyleberry/sss/selsocsoc/dataconnect\": could not find dataconnect.yaml in `/Users/kyleberry/sss/selsocsoc/dataconnect`\n"}}
[debug] [2026-09-27T23:12:44.509Z] E0927 19:12:44.508493   96014 watch.go:40] Failed to load config from "/Users/kyleberry/sss/selsocsoc/dataconnect": could not find dataconnect.yaml in `/Users/kyleberry/sss/selsocsoc/dataconnect`
 {"metadata":{"emulator":{"name":"dataconnect"},"message":"E0927 19:12:44.508493   96014 watch.go:40] Failed to load config from \"/Users/kyleberry/sss/selsocsoc/dataconnect\": could not find dataconnect.yaml in `/Users/kyleberry/sss/selsocsoc/dataconnect`\n"}}
[debug] [2026-09-27T23:12:54.508Z] E0927 19:12:54.508476   96014 watch.go:40] Failed to load config from "/Users/kyleberry/sss/selsocsoc/dataconnect": could not find dataconnect.yaml in `/Users/kyleberry/sss/selsocsoc/dataconnect`
 {"metadata":{"emulator":{"name":"dataconnect"},"message":"E0927 19:12:54.508476   96014 watch.go:40] Failed to load config from \"/Users/kyleberry/sss/selsocsoc/dataconnect\": could not find dataconnect.yaml in `/Users/kyleberry/sss/selsocsoc/dataconnect`\n"}}
[debug] [2026-09-27T23:13:04.508Z] E0927 19:13:04.507901   96014 watch.go:116] watchAllDir unable to walk dir `/Users/kyleberry/sss/selsocsoc/dataconnect`: lstat /Users/kyleberry/sss/selsocsoc/dataconnect: no such file or directory
E0927 19:13:04.507957   96014 watch.go:40] Failed to load config from "/Users/kyleberry/sss/selsocsoc/dataconnect": could not find dataconnect.yaml in `/Users/kyleberry/sss/selsocsoc/dataconnect`
 {"metadata":{"emulator":{"name":"dataconnect"},"message":"E0927 19:13:04.507901   96014 watch.go:116] watchAllDir unable to walk dir `/Users/kyleberry/sss/selsocsoc/dataconnect`: lstat /Users/kyleberry/sss/selsocsoc/dataconnect: no such file or directory\nE0927 19:13:04.507957   96014 watch.go:40] Failed to load config from \"/Users/kyleberry/sss/selsocsoc/dataconnect\": could not find dataconnect.yaml in `/Users/kyleberry/sss/selsocsoc/dataconnect`\n"}}
[debug] [2026-09-27T23:13:14.508Z] E0927 19:13:14.508300   96014 watch.go:40] Failed to load config from "/Users/kyleberry/sss/selsocsoc/dataconnect": could not find dataconnect.yaml in `/Users/kyleberry/sss/selsocsoc/dataconnect`
 {"metadata":{"emulator":{"name":"dataconnect"},"message":"E0927 19:13:14.508300   96014 watch.go:40] Failed to load config from \"/Users/kyleberry/sss/selsocsoc/dataconnect\": could not find dataconnect.yaml in `/Users/kyleberry/sss/selsocsoc/dataconnect`\n"}}
[debug] [2026-09-27T23:13:24.508Z] E0927 19:13:24.508003   96014 watch.go:40] Failed to load config from "/Users/kyleberry/sss/selsocsoc/dataconnect": could not find dataconnect.yaml in `/Users/kyleberry/sss/selsocsoc/dataconnect`
 {"metadata":{"emulator":{"name":"dataconnect"},"message":"E0927 19:13:24.508003   96014 watch.go:40] Failed to load config from \"/Users/kyleberry/sss/selsocsoc/dataconnect\": could not find dataconnect.yaml in `/Users/kyleberry/sss/selsocsoc/dataconnect`\n"}}
[debug] [2026-09-27T23:13:34.508Z] E0927 19:13:34.507793   96014 watch.go:40] Failed to load config from "/Users/kyleberry/sss/selsocsoc/dataconnect": could not find dataconnect.yaml in `/Users/kyleberry/sss/selsocsoc/dataconnect`
 {"metadata":{"emulator":{"name":"dataconnect"},"message":"E0927 19:13:34.507793   96014 watch.go:40] Failed to load config from \"/Users/kyleberry/sss/selsocsoc/dataconnect\": could not find dataconnect.yaml in `/Users/kyleberry/sss/selsocsoc/dataconnect`\n"}}
[debug] [2026-09-27T23:13:44.508Z] E0927 19:13:44.507886   96014 watch.go:40] Failed to load config from "/Users/kyleberry/sss/selsocsoc/dataconnect": could not find dataconnect.yaml in `/Users/kyleberry/sss/selsocsoc/dataconnect`
 {"metadata":{"emulator":{"name":"dataconnect"},"message":"E0927 19:13:44.507886   96014 watch.go:40] Failed to load config from \"/Users/kyleberry/sss/selsocsoc/dataconnect\": could not find dataconnect.yaml in `/Users/kyleberry/sss/selsocsoc/dataconnect`\n"}}
[debug] [2026-09-27T23:13:54.508Z] E0927 19:13:54.507717   96014 watch.go:40] Failed to load config from "/Users/kyleberry/sss/selsocsoc/dataconnect": could not find dataconnect.yaml in `/Users/kyleberry/sss/selsocsoc/dataconnect`
 {"metadata":{"emulator":{"name":"dataconnect"},"message":"E0927 19:13:54.507717   96014 watch.go:40] Failed to load config from \"/Users/kyleberry/sss/selsocsoc/dataconnect\": could not find dataconnect.yaml in `/Users/kyleberry/sss/selsocsoc/dataconnect`\n"}}
[debug] [2026-09-27T23:14:04.507Z] E0927 19:14:04.507137   96014 watch.go:116] watchAllDir unable to walk dir `/Users/kyleberry/sss/selsocsoc/dataconnect`: lstat /Users/kyleberry/sss/selsocsoc/dataconnect: no such file or directory
E0927 19:14:04.507149   96014 watch.go:40] Failed to load config from "/Users/kyleberry/sss/selsocsoc/dataconnect": could not find dataconnect.yaml in `/Users/kyleberry/sss/selsocsoc/dataconnect`
 {"metadata":{"emulator":{"name":"dataconnect"},"message":"E0927 19:14:04.507137   96014 watch.go:116] watchAllDir unable to walk dir `/Users/kyleberry/sss/selsocsoc/dataconnect`: lstat /Users/kyleberry/sss/selsocsoc/dataconnect: no such file or directory\nE0927 19:14:04.507149   96014 watch.go:40] Failed to load config from \"/Users/kyleberry/sss/selsocsoc/dataconnect\": could not find dataconnect.yaml in `/Users/kyleberry/sss/selsocsoc/dataconnect`\n"}}
[debug] [2026-09-27T23:14:14.510Z] E0927 19:14:14.510305   96014 watch.go:40] Failed to load config from "/Users/kyleberry/sss/selsocsoc/dataconnect": could not find dataconnect.yaml in `/Users/kyleberry/sss/selsocsoc/dataconnect`
 {"metadata":{"emulator":{"name":"dataconnect"},"message":"E0927 19:14:14.510305   96014 watch.go:40] Failed to load config from \"/Users/kyleberry/sss/selsocsoc/dataconnect\": could not find dataconnect.yaml in `/Users/kyleberry/sss/selsocsoc/dataconnect`\n"}}
[debug] [2026-09-27T23:14:24.507Z] E0927 19:14:24.507388   96014 watch.go:40] Failed to load config from "/Users/kyleberry/sss/selsocsoc/dataconnect": could not find dataconnect.yaml in `/Users/kyleberry/sss/selsocsoc/dataconnect`
 {"metadata":{"emulator":{"name":"dataconnect"},"message":"E0927 19:14:24.507388   96014 watch.go:40] Failed to load config from \"/Users/kyleberry/sss/selsocsoc/dataconnect\": could not find dataconnect.yaml in `/Users/kyleberry/sss/selsocsoc/dataconnect`\n"}}
[debug] [2026-09-27T23:14:34.506Z] E0927 19:14:34.506780   96014 watch.go:40] Failed to load config from "/Users/kyleberry/sss/selsocsoc/dataconnect": could not find dataconnect.yaml in `/Users/kyleberry/sss/selsocsoc/dataconnect`
 {"metadata":{"emulator":{"name":"dataconnect"},"message":"E0927 19:14:34.506780   96014 watch.go:40] Failed to load config from \"/Users/kyleberry/sss/selsocsoc/dataconnect\": could not find dataconnect.yaml in `/Users/kyleberry/sss/selsocsoc/dataconnect`\n"}}
[debug] [2026-09-27T23:14:44.507Z] E0927 19:14:44.506824   96014 watch.go:40] Failed to load config from "/Users/kyleberry/sss/selsocsoc/dataconnect": could not find dataconnect.yaml in `/Users/kyleberry/sss/selsocsoc/dataconnect`
 {"metadata":{"emulator":{"name":"dataconnect"},"message":"E0927 19:14:44.506824   96014 watch.go:40] Failed to load config from \"/Users/kyleberry/sss/selsocsoc/dataconnect\": could not find dataconnect.yaml in `/Users/kyleberry/sss/selsocsoc/dataconnect`\n"}}
[debug] [2026-09-27T23:14:54.506Z] E0927 19:14:54.506772   96014 watch.go:40] Failed to load config from "/Users/kyleberry/sss/selsocsoc/dataconnect": could not find dataconnect.yaml in `/Users/kyleberry/sss/selsocsoc/dataconnect`
 {"metadata":{"emulator":{"name":"dataconnect"},"message":"E0927 19:14:54.506772   96014 watch.go:40] Failed to load config from \"/Users/kyleberry/sss/selsocsoc/dataconnect\": could not find dataconnect.yaml in `/Users/kyleberry/sss/selsocsoc/dataconnect`\n"}}
[debug] [2026-09-27T23:15:04.507Z] E0927 19:15:04.506574   96014 watch.go:40] Failed to load config from "/Users/kyleberry/sss/selsocsoc/dataconnect": could not find dataconnect.yaml in `/Users/kyleberry/sss/selsocsoc/dataconnect`
 {"metadata":{"emulator":{"name":"dataconnect"},"message":"E0927 19:15:04.506574   96014 watch.go:40] Failed to load config from \"/Users/kyleberry/sss/selsocsoc/dataconnect\": could not find dataconnect.yaml in `/Users/kyleberry/sss/selsocsoc/dataconnect`\n"}}
[debug] [2026-09-27T23:15:04.508Z] E0927 19:15:04.506638   96014 watch.go:116] watchAllDir unable to walk dir `/Users/kyleberry/sss/selsocsoc/dataconnect`: lstat /Users/kyleberry/sss/selsocsoc/dataconnect: no such file or directory
 {"metadata":{"emulator":{"name":"dataconnect"},"message":"E0927 19:15:04.506638   96014 watch.go:116] watchAllDir unable to walk dir `/Users/kyleberry/sss/selsocsoc/dataconnect`: lstat /Users/kyleberry/sss/selsocsoc/dataconnect: no such file or directory\n"}}
[debug] [2026-09-27T23:15:14.508Z] E0927 19:15:14.507575   96014 watch.go:40] Failed to load config from "/Users/kyleberry/sss/selsocsoc/dataconnect": could not find dataconnect.yaml in `/Users/kyleberry/sss/selsocsoc/dataconnect`
 {"metadata":{"emulator":{"name":"dataconnect"},"message":"E0927 19:15:14.507575   96014 watch.go:40] Failed to load config from \"/Users/kyleberry/sss/selsocsoc/dataconnect\": could not find dataconnect.yaml in `/Users/kyleberry/sss/selsocsoc/dataconnect`\n"}}
[debug] [2026-09-27T23:15:24.506Z] E0927 19:15:24.506515   96014 watch.go:40] Failed to load config from "/Users/kyleberry/sss/selsocsoc/dataconnect": could not find dataconnect.yaml in `/Users/kyleberry/sss/selsocsoc/dataconnect`
 {"metadata":{"emulator":{"name":"dataconnect"},"message":"E0927 19:15:24.506515   96014 watch.go:40] Failed to load config from \"/Users/kyleberry/sss/selsocsoc/dataconnect\": could not find dataconnect.yaml in `/Users/kyleberry/sss/selsocsoc/dataconnect`\n"}}
[debug] [2026-09-27T23:15:34.506Z] E0927 19:15:34.505848   96014 watch.go:40] Failed to load config from "/Users/kyleberry/sss/selsocsoc/dataconnect": could not find dataconnect.yaml in `/Users/kyleberry/sss/selsocsoc/dataconnect`
 {"metadata":{"emulator":{"name":"dataconnect"},"message":"E0927 19:15:34.505848   96014 watch.go:40] Failed to load config from \"/Users/kyleberry/sss/selsocsoc/dataconnect\": could not find dataconnect.yaml in `/Users/kyleberry/sss/selsocsoc/dataconnect`\n"}}
[debug] [2026-09-27T23:15:44.506Z] E0927 19:15:44.506250   96014 watch.go:40] Failed to load config from "/Users/kyleberry/sss/selsocsoc/dataconnect": could not find dataconnect.yaml in `/Users/kyleberry/sss/selsocsoc/dataconnect`
 {"metadata":{"emulator":{"name":"dataconnect"},"message":"E0927 19:15:44.506250   96014 watch.go:40] Failed to load config from \"/Users/kyleberry/sss/selsocsoc/dataconnect\": could not find dataconnect.yaml in `/Users/kyleberry/sss/selsocsoc/dataconnect`\n"}}
[debug] [2026-09-27T23:15:54.507Z] E0927 19:15:54.506969   96014 watch.go:40] Failed to load config from "/Users/kyleberry/sss/selsocsoc/dataconnect": could not find dataconnect.yaml in `/Users/kyleberry/sss/selsocsoc/dataconnect`
 {"metadata":{"emulator":{"name":"dataconnect"},"message":"E0927 19:15:54.506969   96014 watch.go:40] Failed to load config from \"/Users/kyleberry/sss/selsocsoc/dataconnect\": could not find dataconnect.yaml in `/Users/kyleberry/sss/selsocsoc/dataconnect`\n"}}
[debug] [2026-09-27T23:16:04.505Z] E0927 19:16:04.505519   96014 watch.go:40] Failed to load config from "/Users/kyleberry/sss/selsocsoc/dataconnect": could not find dataconnect.yaml in `/Users/kyleberry/sss/selsocsoc/dataconnect`
E0927 19:16:04.505520   96014 watch.go:116] watchAllDir unable to walk dir `/Users/kyleberry/sss/selsocsoc/dataconnect`: lstat /Users/kyleberry/sss/selsocsoc/dataconnect: no such file or directory
 {"metadata":{"emulator":{"name":"dataconnect"},"message":"E0927 19:16:04.505519   96014 watch.go:40] Failed to load config from \"/Users/kyleberry/sss/selsocsoc/dataconnect\": could not find dataconnect.yaml in `/Users/kyleberry/sss/selsocsoc/dataconnect`\nE0927 19:16:04.505520   96014 watch.go:116] watchAllDir unable to walk dir `/Users/kyleberry/sss/selsocsoc/dataconnect`: lstat /Users/kyleberry/sss/selsocsoc/dataconnect: no such file or directory\n"}}
[debug] [2026-09-27T23:16:14.505Z] E0927 19:16:14.505799   96014 watch.go:40] Failed to load config from "/Users/kyleberry/sss/selsocsoc/dataconnect": could not find dataconnect.yaml in `/Users/kyleberry/sss/selsocsoc/dataconnect`
 {"metadata":{"emulator":{"name":"dataconnect"},"message":"E0927 19:16:14.505799   96014 watch.go:40] Failed to load config from \"/Users/kyleberry/sss/selsocsoc/dataconnect\": could not find dataconnect.yaml in `/Users/kyleberry/sss/selsocsoc/dataconnect`\n"}}
[debug] [2026-09-27T23:16:24.527Z] E0927 19:16:24.526020   96014 watch.go:40] Failed to load config from "/Users/kyleberry/sss/selsocsoc/dataconnect": could not find dataconnect.yaml in `/Users/kyleberry/sss/selsocsoc/dataconnect`
 {"metadata":{"emulator":{"name":"dataconnect"},"message":"E0927 19:16:24.526020   96014 watch.go:40] Failed to load config from \"/Users/kyleberry/sss/selsocsoc/dataconnect\": could not find dataconnect.yaml in `/Users/kyleberry/sss/selsocsoc/dataconnect`\n"}}
[debug] [2026-09-27T23:16:34.505Z] E0927 19:16:34.504957   96014 watch.go:40] Failed to load config from "/Users/kyleberry/sss/selsocsoc/dataconnect": could not find dataconnect.yaml in `/Users/kyleberry/sss/selsocsoc/dataconnect`
 {"metadata":{"emulator":{"name":"dataconnect"},"message":"E0927 19:16:34.504957   96014 watch.go:40] Failed to load config from \"/Users/kyleberry/sss/selsocsoc/dataconnect\": could not find dataconnect.yaml in `/Users/kyleberry/sss/selsocsoc/dataconnect`\n"}}
[debug] [2026-09-27T23:16:44.505Z] E0927 19:16:44.505341   96014 watch.go:40] Failed to load config from "/Users/kyleberry/sss/selsocsoc/dataconnect": could not find dataconnect.yaml in `/Users/kyleberry/sss/selsocsoc/dataconnect`
 {"metadata":{"emulator":{"name":"dataconnect"},"message":"E0927 19:16:44.505341   96014 watch.go:40] Failed to load config from \"/Users/kyleberry/sss/selsocsoc/dataconnect\": could not find dataconnect.yaml in `/Users/kyleberry/sss/selsocsoc/dataconnect`\n"}}
[debug] [2026-09-27T23:16:54.507Z] E0927 19:16:54.506865   96014 watch.go:40] Failed to load config from "/Users/kyleberry/sss/selsocsoc/dataconnect": could not find dataconnect.yaml in `/Users/kyleberry/sss/selsocsoc/dataconnect`
 {"metadata":{"emulator":{"name":"dataconnect"},"message":"E0927 19:16:54.506865   96014 watch.go:40] Failed to load config from \"/Users/kyleberry/sss/selsocsoc/dataconnect\": could not find dataconnect.yaml in `/Users/kyleberry/sss/selsocsoc/dataconnect`\n"}}
[debug] [2026-09-27T23:17:04.505Z] E0927 19:17:04.504889   96014 watch.go:40] Failed to load config from "/Users/kyleberry/sss/selsocsoc/dataconnect": could not find dataconnect.yaml in `/Users/kyleberry/sss/selsocsoc/dataconnect`
 {"metadata":{"emulator":{"name":"dataconnect"},"message":"E0927 19:17:04.504889   96014 watch.go:40] Failed to load config from \"/Users/kyleberry/sss/selsocsoc/dataconnect\": could not find dataconnect.yaml in `/Users/kyleberry/sss/selsocsoc/dataconnect`\n"}}
[debug] [2026-09-27T23:17:04.509Z] E0927 19:17:04.506802   96014 watch.go:116] watchAllDir unable to walk dir `/Users/kyleberry/sss/selsocsoc/dataconnect`: lstat /Users/kyleberry/sss/selsocsoc/dataconnect: no such file or directory
 {"metadata":{"emulator":{"name":"dataconnect"},"message":"E0927 19:17:04.506802   96014 watch.go:116] watchAllDir unable to walk dir `/Users/kyleberry/sss/selsocsoc/dataconnect`: lstat /Users/kyleberry/sss/selsocsoc/dataconnect: no such file or directory\n"}}
[debug] [2026-09-27T23:17:14.506Z] E0927 19:17:14.506035   96014 watch.go:40] Failed to load config from "/Users/kyleberry/sss/selsocsoc/dataconnect": could not find dataconnect.yaml in `/Users/kyleberry/sss/selsocsoc/dataconnect`
 {"metadata":{"emulator":{"name":"dataconnect"},"message":"E0927 19:17:14.506035   96014 watch.go:40] Failed to load config from \"/Users/kyleberry/sss/selsocsoc/dataconnect\": could not find dataconnect.yaml in `/Users/kyleberry/sss/selsocsoc/dataconnect`\n"}}
[debug] [2026-09-27T23:17:24.505Z] E0927 19:17:24.504830   96014 watch.go:40] Failed to load config from "/Users/kyleberry/sss/selsocsoc/dataconnect": could not find dataconnect.yaml in `/Users/kyleberry/sss/selsocsoc/dataconnect`
 {"metadata":{"emulator":{"name":"dataconnect"},"message":"E0927 19:17:24.504830   96014 watch.go:40] Failed to load config from \"/Users/kyleberry/sss/selsocsoc/dataconnect\": could not find dataconnect.yaml in `/Users/kyleberry/sss/selsocsoc/dataconnect`\n"}}
[debug] [2026-09-27T23:17:34.505Z] E0927 19:17:34.504450   96014 watch.go:40] Failed to load config from "/Users/kyleberry/sss/selsocsoc/dataconnect": could not find dataconnect.yaml in `/Users/kyleberry/sss/selsocsoc/dataconnect`
 {"metadata":{"emulator":{"name":"dataconnect"},"message":"E0927 19:17:34.504450   96014 watch.go:40] Failed to load config from \"/Users/kyleberry/sss/selsocsoc/dataconnect\": could not find dataconnect.yaml in `/Users/kyleberry/sss/selsocsoc/dataconnect`\n"}}
[debug] [2026-09-27T23:17:44.505Z] E0927 19:17:44.504838   96014 watch.go:40] Failed to load config from "/Users/kyleberry/sss/selsocsoc/dataconnect": could not find dataconnect.yaml in `/Users/kyleberry/sss/selsocsoc/dataconnect`
 {"metadata":{"emulator":{"name":"dataconnect"},"message":"E0927 19:17:44.504838   96014 watch.go:40] Failed to load config from \"/Users/kyleberry/sss/selsocsoc/dataconnect\": could not find dataconnect.yaml in `/Users/kyleberry/sss/selsocsoc/dataconnect`\n"}}
[debug] [2026-09-27T23:17:54.504Z] E0927 19:17:54.504458   96014 watch.go:40] Failed to load config from "/Users/kyleberry/sss/selsocsoc/dataconnect": could not find dataconnect.yaml in `/Users/kyleberry/sss/selsocsoc/dataconnect`
 {"metadata":{"emulator":{"name":"dataconnect"},"message":"E0927 19:17:54.504458   96014 watch.go:40] Failed to load config from \"/Users/kyleberry/sss/selsocsoc/dataconnect\": could not find dataconnect.yaml in `/Users/kyleberry/sss/selsocsoc/dataconnect`\n"}}
[debug] [2026-09-27T23:18:04.504Z] E0927 19:18:04.504182   96014 watch.go:116] watchAllDir unable to walk dir `/Users/kyleberry/sss/selsocsoc/dataconnect`: lstat /Users/kyleberry/sss/selsocsoc/dataconnect: no such file or directory
 {"metadata":{"emulator":{"name":"dataconnect"},"message":"E0927 19:18:04.504182   96014 watch.go:116] watchAllDir unable to walk dir `/Users/kyleberry/sss/selsocsoc/dataconnect`: lstat /Users/kyleberry/sss/selsocsoc/dataconnect: no such file or directory\n"}}
[debug] [2026-09-27T23:18:04.506Z] E0927 19:18:04.506647   96014 watch.go:40] Failed to load config from "/Users/kyleberry/sss/selsocsoc/dataconnect": could not find dataconnect.yaml in `/Users/kyleberry/sss/selsocsoc/dataconnect`
 {"metadata":{"emulator":{"name":"dataconnect"},"message":"E0927 19:18:04.506647   96014 watch.go:40] Failed to load config from \"/Users/kyleberry/sss/selsocsoc/dataconnect\": could not find dataconnect.yaml in `/Users/kyleberry/sss/selsocsoc/dataconnect`\n"}}
[debug] [2026-09-27T23:18:14.504Z] E0927 19:18:14.504117   96014 watch.go:40] Failed to load config from "/Users/kyleberry/sss/selsocsoc/dataconnect": could not find dataconnect.yaml in `/Users/kyleberry/sss/selsocsoc/dataconnect`
 {"metadata":{"emulator":{"name":"dataconnect"},"message":"E0927 19:18:14.504117   96014 watch.go:40] Failed to load config from \"/Users/kyleberry/sss/selsocsoc/dataconnect\": could not find dataconnect.yaml in `/Users/kyleberry/sss/selsocsoc/dataconnect`\n"}}
[debug] [2026-09-27T23:18:24.504Z] E0927 19:18:24.503981   96014 watch.go:40] Failed to load config from "/Users/kyleberry/sss/selsocsoc/dataconnect": could not find dataconnect.yaml in `/Users/kyleberry/sss/selsocsoc/dataconnect`
 {"metadata":{"emulator":{"name":"dataconnect"},"message":"E0927 19:18:24.503981   96014 watch.go:40] Failed to load config from \"/Users/kyleberry/sss/selsocsoc/dataconnect\": could not find dataconnect.yaml in `/Users/kyleberry/sss/selsocsoc/dataconnect`\n"}}
[debug] [2026-09-27T23:18:34.504Z] E0927 19:18:34.503762   96014 watch.go:40] Failed to load config from "/Users/kyleberry/sss/selsocsoc/dataconnect": could not find dataconnect.yaml in `/Users/kyleberry/sss/selsocsoc/dataconnect`
 {"metadata":{"emulator":{"name":"dataconnect"},"message":"E0927 19:18:34.503762   96014 watch.go:40] Failed to load config from \"/Users/kyleberry/sss/selsocsoc/dataconnect\": could not find dataconnect.yaml in `/Users/kyleberry/sss/selsocsoc/dataconnect`\n"}}
[debug] [2026-09-27T23:18:44.503Z] E0927 19:18:44.503751   96014 watch.go:40] Failed to load config from "/Users/kyleberry/sss/selsocsoc/dataconnect": could not find dataconnect.yaml in `/Users/kyleberry/sss/selsocsoc/dataconnect`
 {"metadata":{"emulator":{"name":"dataconnect"},"message":"E0927 19:18:44.503751   96014 watch.go:40] Failed to load config from \"/Users/kyleberry/sss/selsocsoc/dataconnect\": could not find dataconnect.yaml in `/Users/kyleberry/sss/selsocsoc/dataconnect`\n"}}
[debug] [2026-09-27T23:18:54.503Z] E0927 19:18:54.503501   96014 watch.go:40] Failed to load config from "/Users/kyleberry/sss/selsocsoc/dataconnect": could not find dataconnect.yaml in `/Users/kyleberry/sss/selsocsoc/dataconnect`
 {"metadata":{"emulator":{"name":"dataconnect"},"message":"E0927 19:18:54.503501   96014 watch.go:40] Failed to load config from \"/Users/kyleberry/sss/selsocsoc/dataconnect\": could not find dataconnect.yaml in `/Users/kyleberry/sss/selsocsoc/dataconnect`\n"}}
[debug] [2026-09-27T23:19:04.503Z] E0927 19:19:04.503201   96014 watch.go:40] Failed to load config from "/Users/kyleberry/sss/selsocsoc/dataconnect": could not find dataconnect.yaml in `/Users/kyleberry/sss/selsocsoc/dataconnect`
E0927 19:19:04.503172   96014 watch.go:116] watchAllDir unable to walk dir `/Users/kyleberry/sss/selsocsoc/dataconnect`: lstat /Users/kyleberry/sss/selsocsoc/dataconnect: no such file or directory
 {"metadata":{"emulator":{"name":"dataconnect"},"message":"E0927 19:19:04.503201   96014 watch.go:40] Failed to load config from \"/Users/kyleberry/sss/selsocsoc/dataconnect\": could not find dataconnect.yaml in `/Users/kyleberry/sss/selsocsoc/dataconnect`\nE0927 19:19:04.503172   96014 watch.go:116] watchAllDir unable to walk dir `/Users/kyleberry/sss/selsocsoc/dataconnect`: lstat /Users/kyleberry/sss/selsocsoc/dataconnect: no such file or directory\n"}}
[debug] [2026-09-27T23:19:14.504Z] E0927 19:19:14.503693   96014 watch.go:40] Failed to load config from "/Users/kyleberry/sss/selsocsoc/dataconnect": could not find dataconnect.yaml in `/Users/kyleberry/sss/selsocsoc/dataconnect`
 {"metadata":{"emulator":{"name":"dataconnect"},"message":"E0927 19:19:14.503693   96014 watch.go:40] Failed to load config from \"/Users/kyleberry/sss/selsocsoc/dataconnect\": could not find dataconnect.yaml in `/Users/kyleberry/sss/selsocsoc/dataconnect`\n"}}
[debug] [2026-09-27T23:19:24.503Z] E0927 19:19:24.503356   96014 watch.go:40] Failed to load config from "/Users/kyleberry/sss/selsocsoc/dataconnect": could not find dataconnect.yaml in `/Users/kyleberry/sss/selsocsoc/dataconnect`
 {"metadata":{"emulator":{"name":"dataconnect"},"message":"E0927 19:19:24.503356   96014 watch.go:40] Failed to load config from \"/Users/kyleberry/sss/selsocsoc/dataconnect\": could not find dataconnect.yaml in `/Users/kyleberry/sss/selsocsoc/dataconnect`\n"}}
[debug] [2026-09-27T23:19:34.504Z] E0927 19:19:34.503466   96014 watch.go:40] Failed to load config from "/Users/kyleberry/sss/selsocsoc/dataconnect": could not find dataconnect.yaml in `/Users/kyleberry/sss/selsocsoc/dataconnect`
 {"metadata":{"emulator":{"name":"dataconnect"},"message":"E0927 19:19:34.503466   96014 watch.go:40] Failed to load config from \"/Users/kyleberry/sss/selsocsoc/dataconnect\": could not find dataconnect.yaml in `/Users/kyleberry/sss/selsocsoc/dataconnect`\n"}}
[debug] [2026-09-27T23:19:44.504Z] E0927 19:19:44.504347   96014 watch.go:40] Failed to load config from "/Users/kyleberry/sss/selsocsoc/dataconnect": could not find dataconnect.yaml in `/Users/kyleberry/sss/selsocsoc/dataconnect`
 {"metadata":{"emulator":{"name":"dataconnect"},"message":"E0927 19:19:44.504347   96014 watch.go:40] Failed to load config from \"/Users/kyleberry/sss/selsocsoc/dataconnect\": could not find dataconnect.yaml in `/Users/kyleberry/sss/selsocsoc/dataconnect`\n"}}
[debug] [2026-09-27T23:19:54.503Z] E0927 19:19:54.502834   96014 watch.go:40] Failed to load config from "/Users/kyleberry/sss/selsocsoc/dataconnect": could not find dataconnect.yaml in `/Users/kyleberry/sss/selsocsoc/dataconnect`
 {"metadata":{"emulator":{"name":"dataconnect"},"message":"E0927 19:19:54.502834   96014 watch.go:40] Failed to load config from \"/Users/kyleberry/sss/selsocsoc/dataconnect\": could not find dataconnect.yaml in `/Users/kyleberry/sss/selsocsoc/dataconnect`\n"}}
[debug] [2026-09-27T23:20:04.503Z] E0927 19:20:04.502520   96014 watch.go:40] Failed to load config from "/Users/kyleberry/sss/selsocsoc/dataconnect": could not find dataconnect.yaml in `/Users/kyleberry/sss/selsocsoc/dataconnect`
 {"metadata":{"emulator":{"name":"dataconnect"},"message":"E0927 19:20:04.502520   96014 watch.go:40] Failed to load config from \"/Users/kyleberry/sss/selsocsoc/dataconnect\": could not find dataconnect.yaml in `/Users/kyleberry/sss/selsocsoc/dataconnect`\n"}}
[debug] [2026-09-27T23:20:04.504Z] E0927 19:20:04.502379   96014 watch.go:116] watchAllDir unable to walk dir `/Users/kyleberry/sss/selsocsoc/dataconnect`: lstat /Users/kyleberry/sss/selsocsoc/dataconnect: no such file or directory
 {"metadata":{"emulator":{"name":"dataconnect"},"message":"E0927 19:20:04.502379   96014 watch.go:116] watchAllDir unable to walk dir `/Users/kyleberry/sss/selsocsoc/dataconnect`: lstat /Users/kyleberry/sss/selsocsoc/dataconnect: no such file or directory\n"}}
[debug] [2026-09-27T23:20:14.505Z] E0927 19:20:14.503425   96014 watch.go:40] Failed to load config from "/Users/kyleberry/sss/selsocsoc/dataconnect": could not find dataconnect.yaml in `/Users/kyleberry/sss/selsocsoc/dataconnect`
 {"metadata":{"emulator":{"name":"dataconnect"},"message":"E0927 19:20:14.503425   96014 watch.go:40] Failed to load config from \"/Users/kyleberry/sss/selsocsoc/dataconnect\": could not find dataconnect.yaml in `/Users/kyleberry/sss/selsocsoc/dataconnect`\n"}}
[debug] [2026-09-27T23:20:24.507Z] E0927 19:20:24.506702   96014 watch.go:40] Failed to load config from "/Users/kyleberry/sss/selsocsoc/dataconnect": could not find dataconnect.yaml in `/Users/kyleberry/sss/selsocsoc/dataconnect`
 {"metadata":{"emulator":{"name":"dataconnect"},"message":"E0927 19:20:24.506702   96014 watch.go:40] Failed to load config from \"/Users/kyleberry/sss/selsocsoc/dataconnect\": could not find dataconnect.yaml in `/Users/kyleberry/sss/selsocsoc/dataconnect`\n"}}
[debug] [2026-09-27T23:20:34.513Z] E0927 19:20:34.508267   96014 watch.go:40] Failed to load config from "/Users/kyleberry/sss/selsocsoc/dataconnect": could not find dataconnect.yaml in `/Users/kyleberry/sss/selsocsoc/dataconnect`
 {"metadata":{"emulator":{"name":"dataconnect"},"message":"E0927 19:20:34.508267   96014 watch.go:40] Failed to load config from \"/Users/kyleberry/sss/selsocsoc/dataconnect\": could not find dataconnect.yaml in `/Users/kyleberry/sss/selsocsoc/dataconnect`\n"}}
[debug] [2026-09-27T23:20:44.502Z] E0927 19:20:44.502244   96014 watch.go:40] Failed to load config from "/Users/kyleberry/sss/selsocsoc/dataconnect": could not find dataconnect.yaml in `/Users/kyleberry/sss/selsocsoc/dataconnect`
 {"metadata":{"emulator":{"name":"dataconnect"},"message":"E0927 19:20:44.502244   96014 watch.go:40] Failed to load config from \"/Users/kyleberry/sss/selsocsoc/dataconnect\": could not find dataconnect.yaml in `/Users/kyleberry/sss/selsocsoc/dataconnect`\n"}}
[debug] [2026-09-27T23:20:54.502Z] E0927 19:20:54.501866   96014 watch.go:40] Failed to load config from "/Users/kyleberry/sss/selsocsoc/dataconnect": could not find dataconnect.yaml in `/Users/kyleberry/sss/selsocsoc/dataconnect`
 {"metadata":{"emulator":{"name":"dataconnect"},"message":"E0927 19:20:54.501866   96014 watch.go:40] Failed to load config from \"/Users/kyleberry/sss/selsocsoc/dataconnect\": could not find dataconnect.yaml in `/Users/kyleberry/sss/selsocsoc/dataconnect`\n"}}
[debug] [2026-09-27T23:21:04.501Z] E0927 19:21:04.501667   96014 watch.go:40] Failed to load config from "/Users/kyleberry/sss/selsocsoc/dataconnect": could not find dataconnect.yaml in `/Users/kyleberry/sss/selsocsoc/dataconnect`
 {"metadata":{"emulator":{"name":"dataconnect"},"message":"E0927 19:21:04.501667   96014 watch.go:40] Failed to load config from \"/Users/kyleberry/sss/selsocsoc/dataconnect\": could not find dataconnect.yaml in `/Users/kyleberry/sss/selsocsoc/dataconnect`\n"}}
[debug] [2026-09-27T23:21:04.504Z] E0927 19:21:04.501659   96014 watch.go:116] watchAllDir unable to walk dir `/Users/kyleberry/sss/selsocsoc/dataconnect`: lstat /Users/kyleberry/sss/selsocsoc/dataconnect: no such file or directory
 {"metadata":{"emulator":{"name":"dataconnect"},"message":"E0927 19:21:04.501659   96014 watch.go:116] watchAllDir unable to walk dir `/Users/kyleberry/sss/selsocsoc/dataconnect`: lstat /Users/kyleberry/sss/selsocsoc/dataconnect: no such file or directory\n"}}
[debug] [2026-09-27T23:21:14.501Z] E0927 19:21:14.501126   96014 watch.go:40] Failed to load config from "/Users/kyleberry/sss/selsocsoc/dataconnect": could not find dataconnect.yaml in `/Users/kyleberry/sss/selsocsoc/dataconnect`
 {"metadata":{"emulator":{"name":"dataconnect"},"message":"E0927 19:21:14.501126   96014 watch.go:40] Failed to load config from \"/Users/kyleberry/sss/selsocsoc/dataconnect\": could not find dataconnect.yaml in `/Users/kyleberry/sss/selsocsoc/dataconnect`\n"}}
[debug] [2026-09-27T23:21:24.510Z] E0927 19:21:24.505285   96014 watch.go:40] Failed to load config from "/Users/kyleberry/sss/selsocsoc/dataconnect": could not find dataconnect.yaml in `/Users/kyleberry/sss/selsocsoc/dataconnect`
 {"metadata":{"emulator":{"name":"dataconnect"},"message":"E0927 19:21:24.505285   96014 watch.go:40] Failed to load config from \"/Users/kyleberry/sss/selsocsoc/dataconnect\": could not find dataconnect.yaml in `/Users/kyleberry/sss/selsocsoc/dataconnect`\n"}}
[debug] [2026-09-27T23:21:34.501Z] E0927 19:21:34.501319   96014 watch.go:40] Failed to load config from "/Users/kyleberry/sss/selsocsoc/dataconnect": could not find dataconnect.yaml in `/Users/kyleberry/sss/selsocsoc/dataconnect`
 {"metadata":{"emulator":{"name":"dataconnect"},"message":"E0927 19:21:34.501319   96014 watch.go:40] Failed to load config from \"/Users/kyleberry/sss/selsocsoc/dataconnect\": could not find dataconnect.yaml in `/Users/kyleberry/sss/selsocsoc/dataconnect`\n"}}
[debug] [2026-09-27T23:21:44.502Z] E0927 19:21:44.501647   96014 watch.go:40] Failed to load config from "/Users/kyleberry/sss/selsocsoc/dataconnect": could not find dataconnect.yaml in `/Users/kyleberry/sss/selsocsoc/dataconnect`
 {"metadata":{"emulator":{"name":"dataconnect"},"message":"E0927 19:21:44.501647   96014 watch.go:40] Failed to load config from \"/Users/kyleberry/sss/selsocsoc/dataconnect\": could not find dataconnect.yaml in `/Users/kyleberry/sss/selsocsoc/dataconnect`\n"}}
[debug] [2026-09-27T23:21:54.502Z] E0927 19:21:54.501286   96014 watch.go:40] Failed to load config from "/Users/kyleberry/sss/selsocsoc/dataconnect": could not find dataconnect.yaml in `/Users/kyleberry/sss/selsocsoc/dataconnect`
 {"metadata":{"emulator":{"name":"dataconnect"},"message":"E0927 19:21:54.501286   96014 watch.go:40] Failed to load config from \"/Users/kyleberry/sss/selsocsoc/dataconnect\": could not find dataconnect.yaml in `/Users/kyleberry/sss/selsocsoc/dataconnect`\n"}}
[debug] [2026-09-27T23:22:04.502Z] E0927 19:22:04.502014   96014 watch.go:40] Failed to load config from "/Users/kyleberry/sss/selsocsoc/dataconnect": could not find dataconnect.yaml in `/Users/kyleberry/sss/selsocsoc/dataconnect`
E0927 19:22:04.500901   96014 watch.go:116] watchAllDir unable to walk dir `/Users/kyleberry/sss/selsocsoc/dataconnect`: lstat /Users/kyleberry/sss/selsocsoc/dataconnect: no such file or directory
 {"metadata":{"emulator":{"name":"dataconnect"},"message":"E0927 19:22:04.502014   96014 watch.go:40] Failed to load config from \"/Users/kyleberry/sss/selsocsoc/dataconnect\": could not find dataconnect.yaml in `/Users/kyleberry/sss/selsocsoc/dataconnect`\nE0927 19:22:04.500901   96014 watch.go:116] watchAllDir unable to walk dir `/Users/kyleberry/sss/selsocsoc/dataconnect`: lstat /Users/kyleberry/sss/selsocsoc/dataconnect: no such file or directory\n"}}
[debug] [2026-09-27T23:22:14.501Z] E0927 19:22:14.501198   96014 watch.go:40] Failed to load config from "/Users/kyleberry/sss/selsocsoc/dataconnect": could not find dataconnect.yaml in `/Users/kyleberry/sss/selsocsoc/dataconnect`
 {"metadata":{"emulator":{"name":"dataconnect"},"message":"E0927 19:22:14.501198   96014 watch.go:40] Failed to load config from \"/Users/kyleberry/sss/selsocsoc/dataconnect\": could not find dataconnect.yaml in `/Users/kyleberry/sss/selsocsoc/dataconnect`\n"}}
[debug] [2026-09-27T23:22:24.503Z] E0927 19:22:24.502331   96014 watch.go:40] Failed to load config from "/Users/kyleberry/sss/selsocsoc/dataconnect": could not find dataconnect.yaml in `/Users/kyleberry/sss/selsocsoc/dataconnect`
 {"metadata":{"emulator":{"name":"dataconnect"},"message":"E0927 19:22:24.502331   96014 watch.go:40] Failed to load config from \"/Users/kyleberry/sss/selsocsoc/dataconnect\": could not find dataconnect.yaml in `/Users/kyleberry/sss/selsocsoc/dataconnect`\n"}}
[debug] [2026-09-27T23:22:34.500Z] E0927 19:22:34.500434   96014 watch.go:40] Failed to load config from "/Users/kyleberry/sss/selsocsoc/dataconnect": could not find dataconnect.yaml in `/Users/kyleberry/sss/selsocsoc/dataconnect`
 {"metadata":{"emulator":{"name":"dataconnect"},"message":"E0927 19:22:34.500434   96014 watch.go:40] Failed to load config from \"/Users/kyleberry/sss/selsocsoc/dataconnect\": could not find dataconnect.yaml in `/Users/kyleberry/sss/selsocsoc/dataconnect`\n"}}
[debug] [2026-09-27T23:22:44.502Z] E0927 19:22:44.500588   96014 watch.go:40] Failed to load config from "/Users/kyleberry/sss/selsocsoc/dataconnect": could not find dataconnect.yaml in `/Users/kyleberry/sss/selsocsoc/dataconnect`
 {"metadata":{"emulator":{"name":"dataconnect"},"message":"E0927 19:22:44.500588   96014 watch.go:40] Failed to load config from \"/Users/kyleberry/sss/selsocsoc/dataconnect\": could not find dataconnect.yaml in `/Users/kyleberry/sss/selsocsoc/dataconnect`\n"}}
[debug] [2026-09-27T23:22:54.502Z] E0927 19:22:54.499898   96014 watch.go:40] Failed to load config from "/Users/kyleberry/sss/selsocsoc/dataconnect": could not find dataconnect.yaml in `/Users/kyleberry/sss/selsocsoc/dataconnect`
 {"metadata":{"emulator":{"name":"dataconnect"},"message":"E0927 19:22:54.499898   96014 watch.go:40] Failed to load config from \"/Users/kyleberry/sss/selsocsoc/dataconnect\": could not find dataconnect.yaml in `/Users/kyleberry/sss/selsocsoc/dataconnect`\n"}}
[debug] [2026-09-27T23:23:04.500Z] E0927 19:23:04.500237   96014 watch.go:40] Failed to load config from "/Users/kyleberry/sss/selsocsoc/dataconnect": could not find dataconnect.yaml in `/Users/kyleberry/sss/selsocsoc/dataconnect`
 {"metadata":{"emulator":{"name":"dataconnect"},"message":"E0927 19:23:04.500237   96014 watch.go:40] Failed to load config from \"/Users/kyleberry/sss/selsocsoc/dataconnect\": could not find dataconnect.yaml in `/Users/kyleberry/sss/selsocsoc/dataconnect`\n"}}
[debug] [2026-09-27T23:23:04.502Z] E0927 19:23:04.500145   96014 watch.go:116] watchAllDir unable to walk dir `/Users/kyleberry/sss/selsocsoc/dataconnect`: lstat /Users/kyleberry/sss/selsocsoc/dataconnect: no such file or directory
 {"metadata":{"emulator":{"name":"dataconnect"},"message":"E0927 19:23:04.500145   96014 watch.go:116] watchAllDir unable to walk dir `/Users/kyleberry/sss/selsocsoc/dataconnect`: lstat /Users/kyleberry/sss/selsocsoc/dataconnect: no such file or directory\n"}}
[debug] [2026-09-27T23:23:14.500Z] E0927 19:23:14.500156   96014 watch.go:40] Failed to load config from "/Users/kyleberry/sss/selsocsoc/dataconnect": could not find dataconnect.yaml in `/Users/kyleberry/sss/selsocsoc/dataconnect`
 {"metadata":{"emulator":{"name":"dataconnect"},"message":"E0927 19:23:14.500156   96014 watch.go:40] Failed to load config from \"/Users/kyleberry/sss/selsocsoc/dataconnect\": could not find dataconnect.yaml in `/Users/kyleberry/sss/selsocsoc/dataconnect`\n"}}
[debug] [2026-09-27T23:23:24.500Z] E0927 19:23:24.500074   96014 watch.go:40] Failed to load config from "/Users/kyleberry/sss/selsocsoc/dataconnect": could not find dataconnect.yaml in `/Users/kyleberry/sss/selsocsoc/dataconnect`
 {"metadata":{"emulator":{"name":"dataconnect"},"message":"E0927 19:23:24.500074   96014 watch.go:40] Failed to load config from \"/Users/kyleberry/sss/selsocsoc/dataconnect\": could not find dataconnect.yaml in `/Users/kyleberry/sss/selsocsoc/dataconnect`\n"}}
[debug] [2026-09-27T23:23:34.500Z] E0927 19:23:34.499726   96014 watch.go:40] Failed to load config from "/Users/kyleberry/sss/selsocsoc/dataconnect": could not find dataconnect.yaml in `/Users/kyleberry/sss/selsocsoc/dataconnect`
 {"metadata":{"emulator":{"name":"dataconnect"},"message":"E0927 19:23:34.499726   96014 watch.go:40] Failed to load config from \"/Users/kyleberry/sss/selsocsoc/dataconnect\": could not find dataconnect.yaml in `/Users/kyleberry/sss/selsocsoc/dataconnect`\n"}}
[debug] [2026-09-27T23:23:44.499Z] E0927 19:23:44.499375   96014 watch.go:40] Failed to load config from "/Users/kyleberry/sss/selsocsoc/dataconnect": could not find dataconnect.yaml in `/Users/kyleberry/sss/selsocsoc/dataconnect`
 {"metadata":{"emulator":{"name":"dataconnect"},"message":"E0927 19:23:44.499375   96014 watch.go:40] Failed to load config from \"/Users/kyleberry/sss/selsocsoc/dataconnect\": could not find dataconnect.yaml in `/Users/kyleberry/sss/selsocsoc/dataconnect`\n"}}
[debug] [2026-09-27T23:23:54.500Z] E0927 19:23:54.499760   96014 watch.go:40] Failed to load config from "/Users/kyleberry/sss/selsocsoc/dataconnect": could not find dataconnect.yaml in `/Users/kyleberry/sss/selsocsoc/dataconnect`
 {"metadata":{"emulator":{"name":"dataconnect"},"message":"E0927 19:23:54.499760   96014 watch.go:40] Failed to load config from \"/Users/kyleberry/sss/selsocsoc/dataconnect\": could not find dataconnect.yaml in `/Users/kyleberry/sss/selsocsoc/dataconnect`\n"}}
[debug] [2026-09-27T23:24:04.501Z] E0927 19:24:04.499182   96014 watch.go:116] watchAllDir unable to walk dir `/Users/kyleberry/sss/selsocsoc/dataconnect`: lstat /Users/kyleberry/sss/selsocsoc/dataconnect: no such file or directory
E0927 19:24:04.500837   96014 watch.go:40] Failed to load config from "/Users/kyleberry/sss/selsocsoc/dataconnect": could not find dataconnect.yaml in `/Users/kyleberry/sss/selsocsoc/dataconnect`
 {"metadata":{"emulator":{"name":"dataconnect"},"message":"E0927 19:24:04.499182   96014 watch.go:116] watchAllDir unable to walk dir `/Users/kyleberry/sss/selsocsoc/dataconnect`: lstat /Users/kyleberry/sss/selsocsoc/dataconnect: no such file or directory\nE0927 19:24:04.500837   96014 watch.go:40] Failed to load config from \"/Users/kyleberry/sss/selsocsoc/dataconnect\": could not find dataconnect.yaml in `/Users/kyleberry/sss/selsocsoc/dataconnect`\n"}}
[debug] [2026-09-27T23:24:14.499Z] E0927 19:24:14.499670   96014 watch.go:40] Failed to load config from "/Users/kyleberry/sss/selsocsoc/dataconnect": could not find dataconnect.yaml in `/Users/kyleberry/sss/selsocsoc/dataconnect`
 {"metadata":{"emulator":{"name":"dataconnect"},"message":"E0927 19:24:14.499670   96014 watch.go:40] Failed to load config from \"/Users/kyleberry/sss/selsocsoc/dataconnect\": could not find dataconnect.yaml in `/Users/kyleberry/sss/selsocsoc/dataconnect`\n"}}
[debug] [2026-09-27T23:24:24.499Z] E0927 19:24:24.498956   96014 watch.go:40] Failed to load config from "/Users/kyleberry/sss/selsocsoc/dataconnect": could not find dataconnect.yaml in `/Users/kyleberry/sss/selsocsoc/dataconnect`
 {"metadata":{"emulator":{"name":"dataconnect"},"message":"E0927 19:24:24.498956   96014 watch.go:40] Failed to load config from \"/Users/kyleberry/sss/selsocsoc/dataconnect\": could not find dataconnect.yaml in `/Users/kyleberry/sss/selsocsoc/dataconnect`\n"}}
[debug] [2026-09-27T23:24:34.499Z] E0927 19:24:34.498943   96014 watch.go:40] Failed to load config from "/Users/kyleberry/sss/selsocsoc/dataconnect": could not find dataconnect.yaml in `/Users/kyleberry/sss/selsocsoc/dataconnect`
 {"metadata":{"emulator":{"name":"dataconnect"},"message":"E0927 19:24:34.498943   96014 watch.go:40] Failed to load config from \"/Users/kyleberry/sss/selsocsoc/dataconnect\": could not find dataconnect.yaml in `/Users/kyleberry/sss/selsocsoc/dataconnect`\n"}}
[debug] [2026-09-27T23:24:44.500Z] E0927 19:24:44.500086   96014 watch.go:40] Failed to load config from "/Users/kyleberry/sss/selsocsoc/dataconnect": could not find dataconnect.yaml in `/Users/kyleberry/sss/selsocsoc/dataconnect`
 {"metadata":{"emulator":{"name":"dataconnect"},"message":"E0927 19:24:44.500086   96014 watch.go:40] Failed to load config from \"/Users/kyleberry/sss/selsocsoc/dataconnect\": could not find dataconnect.yaml in `/Users/kyleberry/sss/selsocsoc/dataconnect`\n"}}
[debug] [2026-09-27T23:24:54.502Z] E0927 19:24:54.502181   96014 watch.go:40] Failed to load config from "/Users/kyleberry/sss/selsocsoc/dataconnect": could not find dataconnect.yaml in `/Users/kyleberry/sss/selsocsoc/dataconnect`
 {"metadata":{"emulator":{"name":"dataconnect"},"message":"E0927 19:24:54.502181   96014 watch.go:40] Failed to load config from \"/Users/kyleberry/sss/selsocsoc/dataconnect\": could not find dataconnect.yaml in `/Users/kyleberry/sss/selsocsoc/dataconnect`\n"}}
[debug] [2026-09-27T23:25:04.498Z] E0927 19:25:04.498404   96014 watch.go:40] Failed to load config from "/Users/kyleberry/sss/selsocsoc/dataconnect": could not find dataconnect.yaml in `/Users/kyleberry/sss/selsocsoc/dataconnect`
 {"metadata":{"emulator":{"name":"dataconnect"},"message":"E0927 19:25:04.498404   96014 watch.go:40] Failed to load config from \"/Users/kyleberry/sss/selsocsoc/dataconnect\": could not find dataconnect.yaml in `/Users/kyleberry/sss/selsocsoc/dataconnect`\n"}}
[debug] [2026-09-27T23:25:04.499Z] E0927 19:25:04.498310   96014 watch.go:116] watchAllDir unable to walk dir `/Users/kyleberry/sss/selsocsoc/dataconnect`: lstat /Users/kyleberry/sss/selsocsoc/dataconnect: no such file or directory
 {"metadata":{"emulator":{"name":"dataconnect"},"message":"E0927 19:25:04.498310   96014 watch.go:116] watchAllDir unable to walk dir `/Users/kyleberry/sss/selsocsoc/dataconnect`: lstat /Users/kyleberry/sss/selsocsoc/dataconnect: no such file or directory\n"}}
[debug] [2026-09-27T23:25:14.498Z] E0927 19:25:14.498667   96014 watch.go:40] Failed to load config from "/Users/kyleberry/sss/selsocsoc/dataconnect": could not find dataconnect.yaml in `/Users/kyleberry/sss/selsocsoc/dataconnect`
 {"metadata":{"emulator":{"name":"dataconnect"},"message":"E0927 19:25:14.498667   96014 watch.go:40] Failed to load config from \"/Users/kyleberry/sss/selsocsoc/dataconnect\": could not find dataconnect.yaml in `/Users/kyleberry/sss/selsocsoc/dataconnect`\n"}}
[debug] [2026-09-27T23:25:24.499Z] E0927 19:25:24.499063   96014 watch.go:40] Failed to load config from "/Users/kyleberry/sss/selsocsoc/dataconnect": could not find dataconnect.yaml in `/Users/kyleberry/sss/selsocsoc/dataconnect`
 {"metadata":{"emulator":{"name":"dataconnect"},"message":"E0927 19:25:24.499063   96014 watch.go:40] Failed to load config from \"/Users/kyleberry/sss/selsocsoc/dataconnect\": could not find dataconnect.yaml in `/Users/kyleberry/sss/selsocsoc/dataconnect`\n"}}
[debug] [2026-09-27T23:25:34.498Z] E0927 19:25:34.498104   96014 watch.go:40] Failed to load config from "/Users/kyleberry/sss/selsocsoc/dataconnect": could not find dataconnect.yaml in `/Users/kyleberry/sss/selsocsoc/dataconnect`
 {"metadata":{"emulator":{"name":"dataconnect"},"message":"E0927 19:25:34.498104   96014 watch.go:40] Failed to load config from \"/Users/kyleberry/sss/selsocsoc/dataconnect\": could not find dataconnect.yaml in `/Users/kyleberry/sss/selsocsoc/dataconnect`\n"}}
[debug] [2026-09-27T23:25:44.498Z] E0927 19:25:44.498509   96014 watch.go:40] Failed to load config from "/Users/kyleberry/sss/selsocsoc/dataconnect": could not find dataconnect.yaml in `/Users/kyleberry/sss/selsocsoc/dataconnect`
 {"metadata":{"emulator":{"name":"dataconnect"},"message":"E0927 19:25:44.498509   96014 watch.go:40] Failed to load config from \"/Users/kyleberry/sss/selsocsoc/dataconnect\": could not find dataconnect.yaml in `/Users/kyleberry/sss/selsocsoc/dataconnect`\n"}}
[debug] [2026-09-27T23:25:54.498Z] E0927 19:25:54.498108   96014 watch.go:40] Failed to load config from "/Users/kyleberry/sss/selsocsoc/dataconnect": could not find dataconnect.yaml in `/Users/kyleberry/sss/selsocsoc/dataconnect`
 {"metadata":{"emulator":{"name":"dataconnect"},"message":"E0927 19:25:54.498108   96014 watch.go:40] Failed to load config from \"/Users/kyleberry/sss/selsocsoc/dataconnect\": could not find dataconnect.yaml in `/Users/kyleberry/sss/selsocsoc/dataconnect`\n"}}
[debug] [2026-09-27T23:26:04.603Z] E0927 19:26:04.581958   96014 watch.go:116] watchAllDir unable to walk dir `/Users/kyleberry/sss/selsocsoc/dataconnect`: lstat /Users/kyleberry/sss/selsocsoc/dataconnect: no such file or directory
 {"metadata":{"emulator":{"name":"dataconnect"},"message":"E0927 19:26:04.581958   96014 watch.go:116] watchAllDir unable to walk dir `/Users/kyleberry/sss/selsocsoc/dataconnect`: lstat /Users/kyleberry/sss/selsocsoc/dataconnect: no such file or directory\n"}}
[debug] [2026-09-27T23:26:04.993Z] E0927 19:26:04.935871   96014 watch.go:40] Failed to load config from "/Users/kyleberry/sss/selsocsoc/dataconnect": could not find dataconnect.yaml in `/Users/kyleberry/sss/selsocsoc/dataconnect`
 {"metadata":{"emulator":{"name":"dataconnect"},"message":"E0927 19:26:04.935871   96014 watch.go:40] Failed to load config from \"/Users/kyleberry/sss/selsocsoc/dataconnect\": could not find dataconnect.yaml in `/Users/kyleberry/sss/selsocsoc/dataconnect`\n"}}
[debug] [2026-09-27T23:26:14.498Z] E0927 19:26:14.497946   96014 watch.go:40] Failed to load config from "/Users/kyleberry/sss/selsocsoc/dataconnect": could not find dataconnect.yaml in `/Users/kyleberry/sss/selsocsoc/dataconnect`
 {"metadata":{"emulator":{"name":"dataconnect"},"message":"E0927 19:26:14.497946   96014 watch.go:40] Failed to load config from \"/Users/kyleberry/sss/selsocsoc/dataconnect\": could not find dataconnect.yaml in `/Users/kyleberry/sss/selsocsoc/dataconnect`\n"}}
[debug] [2026-09-27T23:26:24.497Z] E0927 19:26:24.497738   96014 watch.go:40] Failed to load config from "/Users/kyleberry/sss/selsocsoc/dataconnect": could not find dataconnect.yaml in `/Users/kyleberry/sss/selsocsoc/dataconnect`
 {"metadata":{"emulator":{"name":"dataconnect"},"message":"E0927 19:26:24.497738   96014 watch.go:40] Failed to load config from \"/Users/kyleberry/sss/selsocsoc/dataconnect\": could not find dataconnect.yaml in `/Users/kyleberry/sss/selsocsoc/dataconnect`\n"}}
[debug] [2026-09-27T23:26:34.496Z] E0927 19:26:34.496781   96014 watch.go:40] Failed to load config from "/Users/kyleberry/sss/selsocsoc/dataconnect": could not find dataconnect.yaml in `/Users/kyleberry/sss/selsocsoc/dataconnect`
 {"metadata":{"emulator":{"name":"dataconnect"},"message":"E0927 19:26:34.496781   96014 watch.go:40] Failed to load config from \"/Users/kyleberry/sss/selsocsoc/dataconnect\": could not find dataconnect.yaml in `/Users/kyleberry/sss/selsocsoc/dataconnect`\n"}}
[debug] [2026-09-27T23:26:44.497Z] E0927 19:26:44.497499   96014 watch.go:40] Failed to load config from "/Users/kyleberry/sss/selsocsoc/dataconnect": could not find dataconnect.yaml in `/Users/kyleberry/sss/selsocsoc/dataconnect`
 {"metadata":{"emulator":{"name":"dataconnect"},"message":"E0927 19:26:44.497499   96014 watch.go:40] Failed to load config from \"/Users/kyleberry/sss/selsocsoc/dataconnect\": could not find dataconnect.yaml in `/Users/kyleberry/sss/selsocsoc/dataconnect`\n"}}
[debug] [2026-09-27T23:26:54.497Z] E0927 19:26:54.497039   96014 watch.go:40] Failed to load config from "/Users/kyleberry/sss/selsocsoc/dataconnect": could not find dataconnect.yaml in `/Users/kyleberry/sss/selsocsoc/dataconnect`
 {"metadata":{"emulator":{"name":"dataconnect"},"message":"E0927 19:26:54.497039   96014 watch.go:40] Failed to load config from \"/Users/kyleberry/sss/selsocsoc/dataconnect\": could not find dataconnect.yaml in `/Users/kyleberry/sss/selsocsoc/dataconnect`\n"}}
[debug] [2026-09-27T23:27:04.497Z] E0927 19:27:04.496999   96014 watch.go:40] Failed to load config from "/Users/kyleberry/sss/selsocsoc/dataconnect": could not find dataconnect.yaml in `/Users/kyleberry/sss/selsocsoc/dataconnect`
 {"metadata":{"emulator":{"name":"dataconnect"},"message":"E0927 19:27:04.496999   96014 watch.go:40] Failed to load config from \"/Users/kyleberry/sss/selsocsoc/dataconnect\": could not find dataconnect.yaml in `/Users/kyleberry/sss/selsocsoc/dataconnect`\n"}}
[debug] [2026-09-27T23:27:04.497Z] E0927 19:27:04.496942   96014 watch.go:116] watchAllDir unable to walk dir `/Users/kyleberry/sss/selsocsoc/dataconnect`: lstat /Users/kyleberry/sss/selsocsoc/dataconnect: no such file or directory
 {"metadata":{"emulator":{"name":"dataconnect"},"message":"E0927 19:27:04.496942   96014 watch.go:116] watchAllDir unable to walk dir `/Users/kyleberry/sss/selsocsoc/dataconnect`: lstat /Users/kyleberry/sss/selsocsoc/dataconnect: no such file or directory\n"}}
[debug] [2026-09-27T23:27:14.497Z] E0927 19:27:14.497250   96014 watch.go:40] Failed to load config from "/Users/kyleberry/sss/selsocsoc/dataconnect": could not find dataconnect.yaml in `/Users/kyleberry/sss/selsocsoc/dataconnect`
 {"metadata":{"emulator":{"name":"dataconnect"},"message":"E0927 19:27:14.497250   96014 watch.go:40] Failed to load config from \"/Users/kyleberry/sss/selsocsoc/dataconnect\": could not find dataconnect.yaml in `/Users/kyleberry/sss/selsocsoc/dataconnect`\n"}}
[debug] [2026-09-27T23:27:24.497Z] E0927 19:27:24.496993   96014 watch.go:40] Failed to load config from "/Users/kyleberry/sss/selsocsoc/dataconnect": could not find dataconnect.yaml in `/Users/kyleberry/sss/selsocsoc/dataconnect`
 {"metadata":{"emulator":{"name":"dataconnect"},"message":"E0927 19:27:24.496993   96014 watch.go:40] Failed to load config from \"/Users/kyleberry/sss/selsocsoc/dataconnect\": could not find dataconnect.yaml in `/Users/kyleberry/sss/selsocsoc/dataconnect`\n"}}
[debug] [2026-09-27T23:27:34.496Z] E0927 19:27:34.496512   96014 watch.go:40] Failed to load config from "/Users/kyleberry/sss/selsocsoc/dataconnect": could not find dataconnect.yaml in `/Users/kyleberry/sss/selsocsoc/dataconnect`
 {"metadata":{"emulator":{"name":"dataconnect"},"message":"E0927 19:27:34.496512   96014 watch.go:40] Failed to load config from \"/Users/kyleberry/sss/selsocsoc/dataconnect\": could not find dataconnect.yaml in `/Users/kyleberry/sss/selsocsoc/dataconnect`\n"}}
[debug] [2026-09-27T23:27:44.497Z] E0927 19:27:44.496612   96014 watch.go:40] Failed to load config from "/Users/kyleberry/sss/selsocsoc/dataconnect": could not find dataconnect.yaml in `/Users/kyleberry/sss/selsocsoc/dataconnect`
 {"metadata":{"emulator":{"name":"dataconnect"},"message":"E0927 19:27:44.496612   96014 watch.go:40] Failed to load config from \"/Users/kyleberry/sss/selsocsoc/dataconnect\": could not find dataconnect.yaml in `/Users/kyleberry/sss/selsocsoc/dataconnect`\n"}}
[debug] [2026-09-27T23:27:54.496Z] E0927 19:27:54.496614   96014 watch.go:40] Failed to load config from "/Users/kyleberry/sss/selsocsoc/dataconnect": could not find dataconnect.yaml in `/Users/kyleberry/sss/selsocsoc/dataconnect`
 {"metadata":{"emulator":{"name":"dataconnect"},"message":"E0927 19:27:54.496614   96014 watch.go:40] Failed to load config from \"/Users/kyleberry/sss/selsocsoc/dataconnect\": could not find dataconnect.yaml in `/Users/kyleberry/sss/selsocsoc/dataconnect`\n"}}
[debug] [2026-09-27T23:28:04.496Z] E0927 19:28:04.495991   96014 watch.go:116] watchAllDir unable to walk dir `/Users/kyleberry/sss/selsocsoc/dataconnect`: lstat /Users/kyleberry/sss/selsocsoc/dataconnect: no such file or directory
E0927 19:28:04.496004   96014 watch.go:40] Failed to load config from "/Users/kyleberry/sss/selsocsoc/dataconnect": could not find dataconnect.yaml in `/Users/kyleberry/sss/selsocsoc/dataconnect`
 {"metadata":{"emulator":{"name":"dataconnect"},"message":"E0927 19:28:04.495991   96014 watch.go:116] watchAllDir unable to walk dir `/Users/kyleberry/sss/selsocsoc/dataconnect`: lstat /Users/kyleberry/sss/selsocsoc/dataconnect: no such file or directory\nE0927 19:28:04.496004   96014 watch.go:40] Failed to load config from \"/Users/kyleberry/sss/selsocsoc/dataconnect\": could not find dataconnect.yaml in `/Users/kyleberry/sss/selsocsoc/dataconnect`\n"}}
[debug] [2026-09-27T23:28:14.495Z] E0927 19:28:14.495563   96014 watch.go:40] Failed to load config from "/Users/kyleberry/sss/selsocsoc/dataconnect": could not find dataconnect.yaml in `/Users/kyleberry/sss/selsocsoc/dataconnect`
 {"metadata":{"emulator":{"name":"dataconnect"},"message":"E0927 19:28:14.495563   96014 watch.go:40] Failed to load config from \"/Users/kyleberry/sss/selsocsoc/dataconnect\": could not find dataconnect.yaml in `/Users/kyleberry/sss/selsocsoc/dataconnect`\n"}}
[debug] [2026-09-27T23:28:24.496Z] E0927 19:28:24.496329   96014 watch.go:40] Failed to load config from "/Users/kyleberry/sss/selsocsoc/dataconnect": could not find dataconnect.yaml in `/Users/kyleberry/sss/selsocsoc/dataconnect`
 {"metadata":{"emulator":{"name":"dataconnect"},"message":"E0927 19:28:24.496329   96014 watch.go:40] Failed to load config from \"/Users/kyleberry/sss/selsocsoc/dataconnect\": could not find dataconnect.yaml in `/Users/kyleberry/sss/selsocsoc/dataconnect`\n"}}
[debug] [2026-09-27T23:28:34.495Z] E0927 19:28:34.495637   96014 watch.go:40] Failed to load config from "/Users/kyleberry/sss/selsocsoc/dataconnect": could not find dataconnect.yaml in `/Users/kyleberry/sss/selsocsoc/dataconnect`
 {"metadata":{"emulator":{"name":"dataconnect"},"message":"E0927 19:28:34.495637   96014 watch.go:40] Failed to load config from \"/Users/kyleberry/sss/selsocsoc/dataconnect\": could not find dataconnect.yaml in `/Users/kyleberry/sss/selsocsoc/dataconnect`\n"}}
[debug] [2026-09-27T23:28:44.495Z] E0927 19:28:44.495792   96014 watch.go:40] Failed to load config from "/Users/kyleberry/sss/selsocsoc/dataconnect": could not find dataconnect.yaml in `/Users/kyleberry/sss/selsocsoc/dataconnect`
 {"metadata":{"emulator":{"name":"dataconnect"},"message":"E0927 19:28:44.495792   96014 watch.go:40] Failed to load config from \"/Users/kyleberry/sss/selsocsoc/dataconnect\": could not find dataconnect.yaml in `/Users/kyleberry/sss/selsocsoc/dataconnect`\n"}}
[debug] [2026-09-27T23:28:54.495Z] E0927 19:28:54.495106   96014 watch.go:40] Failed to load config from "/Users/kyleberry/sss/selsocsoc/dataconnect": could not find dataconnect.yaml in `/Users/kyleberry/sss/selsocsoc/dataconnect`
 {"metadata":{"emulator":{"name":"dataconnect"},"message":"E0927 19:28:54.495106   96014 watch.go:40] Failed to load config from \"/Users/kyleberry/sss/selsocsoc/dataconnect\": could not find dataconnect.yaml in `/Users/kyleberry/sss/selsocsoc/dataconnect`\n"}}
[debug] [2026-09-27T23:29:04.495Z] E0927 19:29:04.495203   96014 watch.go:116] watchAllDir unable to walk dir `/Users/kyleberry/sss/selsocsoc/dataconnect`: lstat /Users/kyleberry/sss/selsocsoc/dataconnect: no such file or directory
E0927 19:29:04.495241   96014 watch.go:40] Failed to load config from "/Users/kyleberry/sss/selsocsoc/dataconnect": could not find dataconnect.yaml in `/Users/kyleberry/sss/selsocsoc/dataconnect`
 {"metadata":{"emulator":{"name":"dataconnect"},"message":"E0927 19:29:04.495203   96014 watch.go:116] watchAllDir unable to walk dir `/Users/kyleberry/sss/selsocsoc/dataconnect`: lstat /Users/kyleberry/sss/selsocsoc/dataconnect: no such file or directory\nE0927 19:29:04.495241   96014 watch.go:40] Failed to load config from \"/Users/kyleberry/sss/selsocsoc/dataconnect\": could not find dataconnect.yaml in `/Users/kyleberry/sss/selsocsoc/dataconnect`\n"}}
[debug] [2026-09-27T23:29:14.498Z] E0927 19:29:14.497991   96014 watch.go:40] Failed to load config from "/Users/kyleberry/sss/selsocsoc/dataconnect": could not find dataconnect.yaml in `/Users/kyleberry/sss/selsocsoc/dataconnect`
 {"metadata":{"emulator":{"name":"dataconnect"},"message":"E0927 19:29:14.497991   96014 watch.go:40] Failed to load config from \"/Users/kyleberry/sss/selsocsoc/dataconnect\": could not find dataconnect.yaml in `/Users/kyleberry/sss/selsocsoc/dataconnect`\n"}}
[debug] [2026-09-27T23:29:24.495Z] E0927 19:29:24.495250   96014 watch.go:40] Failed to load config from "/Users/kyleberry/sss/selsocsoc/dataconnect": could not find dataconnect.yaml in `/Users/kyleberry/sss/selsocsoc/dataconnect`
 {"metadata":{"emulator":{"name":"dataconnect"},"message":"E0927 19:29:24.495250   96014 watch.go:40] Failed to load config from \"/Users/kyleberry/sss/selsocsoc/dataconnect\": could not find dataconnect.yaml in `/Users/kyleberry/sss/selsocsoc/dataconnect`\n"}}
[debug] [2026-09-27T23:29:34.495Z] E0927 19:29:34.494986   96014 watch.go:40] Failed to load config from "/Users/kyleberry/sss/selsocsoc/dataconnect": could not find dataconnect.yaml in `/Users/kyleberry/sss/selsocsoc/dataconnect`
 {"metadata":{"emulator":{"name":"dataconnect"},"message":"E0927 19:29:34.494986   96014 watch.go:40] Failed to load config from \"/Users/kyleberry/sss/selsocsoc/dataconnect\": could not find dataconnect.yaml in `/Users/kyleberry/sss/selsocsoc/dataconnect`\n"}}
[debug] [2026-09-27T23:29:44.495Z] E0927 19:29:44.494794   96014 watch.go:40] Failed to load config from "/Users/kyleberry/sss/selsocsoc/dataconnect": could not find dataconnect.yaml in `/Users/kyleberry/sss/selsocsoc/dataconnect`
 {"metadata":{"emulator":{"name":"dataconnect"},"message":"E0927 19:29:44.494794   96014 watch.go:40] Failed to load config from \"/Users/kyleberry/sss/selsocsoc/dataconnect\": could not find dataconnect.yaml in `/Users/kyleberry/sss/selsocsoc/dataconnect`\n"}}
[debug] [2026-09-27T23:29:54.495Z] E0927 19:29:54.494964   96014 watch.go:40] Failed to load config from "/Users/kyleberry/sss/selsocsoc/dataconnect": could not find dataconnect.yaml in `/Users/kyleberry/sss/selsocsoc/dataconnect`
 {"metadata":{"emulator":{"name":"dataconnect"},"message":"E0927 19:29:54.494964   96014 watch.go:40] Failed to load config from \"/Users/kyleberry/sss/selsocsoc/dataconnect\": could not find dataconnect.yaml in `/Users/kyleberry/sss/selsocsoc/dataconnect`\n"}}
[debug] [2026-09-27T23:30:04.494Z] E0927 19:30:04.494561   96014 watch.go:40] Failed to load config from "/Users/kyleberry/sss/selsocsoc/dataconnect": could not find dataconnect.yaml in `/Users/kyleberry/sss/selsocsoc/dataconnect`
 {"metadata":{"emulator":{"name":"dataconnect"},"message":"E0927 19:30:04.494561   96014 watch.go:40] Failed to load config from \"/Users/kyleberry/sss/selsocsoc/dataconnect\": could not find dataconnect.yaml in `/Users/kyleberry/sss/selsocsoc/dataconnect`\n"}}
[debug] [2026-09-27T23:30:04.495Z] E0927 19:30:04.494507   96014 watch.go:116] watchAllDir unable to walk dir `/Users/kyleberry/sss/selsocsoc/dataconnect`: lstat /Users/kyleberry/sss/selsocsoc/dataconnect: no such file or directory
 {"metadata":{"emulator":{"name":"dataconnect"},"message":"E0927 19:30:04.494507   96014 watch.go:116] watchAllDir unable to walk dir `/Users/kyleberry/sss/selsocsoc/dataconnect`: lstat /Users/kyleberry/sss/selsocsoc/dataconnect: no such file or directory\n"}}
[debug] [2026-09-27T23:30:14.495Z] E0927 19:30:14.494794   96014 watch.go:40] Failed to load config from "/Users/kyleberry/sss/selsocsoc/dataconnect": could not find dataconnect.yaml in `/Users/kyleberry/sss/selsocsoc/dataconnect`
 {"metadata":{"emulator":{"name":"dataconnect"},"message":"E0927 19:30:14.494794   96014 watch.go:40] Failed to load config from \"/Users/kyleberry/sss/selsocsoc/dataconnect\": could not find dataconnect.yaml in `/Users/kyleberry/sss/selsocsoc/dataconnect`\n"}}
[debug] [2026-09-27T23:30:24.495Z] E0927 19:30:24.494700   96014 watch.go:40] Failed to load config from "/Users/kyleberry/sss/selsocsoc/dataconnect": could not find dataconnect.yaml in `/Users/kyleberry/sss/selsocsoc/dataconnect`
 {"metadata":{"emulator":{"name":"dataconnect"},"message":"E0927 19:30:24.494700   96014 watch.go:40] Failed to load config from \"/Users/kyleberry/sss/selsocsoc/dataconnect\": could not find dataconnect.yaml in `/Users/kyleberry/sss/selsocsoc/dataconnect`\n"}}
[debug] [2026-09-27T23:30:34.494Z] E0927 19:30:34.494206   96014 watch.go:40] Failed to load config from "/Users/kyleberry/sss/selsocsoc/dataconnect": could not find dataconnect.yaml in `/Users/kyleberry/sss/selsocsoc/dataconnect`
 {"metadata":{"emulator":{"name":"dataconnect"},"message":"E0927 19:30:34.494206   96014 watch.go:40] Failed to load config from \"/Users/kyleberry/sss/selsocsoc/dataconnect\": could not find dataconnect.yaml in `/Users/kyleberry/sss/selsocsoc/dataconnect`\n"}}
[debug] [2026-09-27T23:30:44.494Z] E0927 19:30:44.494382   96014 watch.go:40] Failed to load config from "/Users/kyleberry/sss/selsocsoc/dataconnect": could not find dataconnect.yaml in `/Users/kyleberry/sss/selsocsoc/dataconnect`
 {"metadata":{"emulator":{"name":"dataconnect"},"message":"E0927 19:30:44.494382   96014 watch.go:40] Failed to load config from \"/Users/kyleberry/sss/selsocsoc/dataconnect\": could not find dataconnect.yaml in `/Users/kyleberry/sss/selsocsoc/dataconnect`\n"}}
[debug] [2026-09-27T23:30:54.494Z] E0927 19:30:54.494213   96014 watch.go:40] Failed to load config from "/Users/kyleberry/sss/selsocsoc/dataconnect": could not find dataconnect.yaml in `/Users/kyleberry/sss/selsocsoc/dataconnect`
 {"metadata":{"emulator":{"name":"dataconnect"},"message":"E0927 19:30:54.494213   96014 watch.go:40] Failed to load config from \"/Users/kyleberry/sss/selsocsoc/dataconnect\": could not find dataconnect.yaml in `/Users/kyleberry/sss/selsocsoc/dataconnect`\n"}}
[debug] [2026-09-27T23:31:04.500Z] E0927 19:31:04.497033   96014 watch.go:116] watchAllDir unable to walk dir `/Users/kyleberry/sss/selsocsoc/dataconnect`: lstat /Users/kyleberry/sss/selsocsoc/dataconnect: no such file or directory
 {"metadata":{"emulator":{"name":"dataconnect"},"message":"E0927 19:31:04.497033   96014 watch.go:116] watchAllDir unable to walk dir `/Users/kyleberry/sss/selsocsoc/dataconnect`: lstat /Users/kyleberry/sss/selsocsoc/dataconnect: no such file or directory\n"}}
[debug] [2026-09-27T23:31:04.502Z] E0927 19:31:04.498912   96014 watch.go:40] Failed to load config from "/Users/kyleberry/sss/selsocsoc/dataconnect": could not find dataconnect.yaml in `/Users/kyleberry/sss/selsocsoc/dataconnect`
 {"metadata":{"emulator":{"name":"dataconnect"},"message":"E0927 19:31:04.498912   96014 watch.go:40] Failed to load config from \"/Users/kyleberry/sss/selsocsoc/dataconnect\": could not find dataconnect.yaml in `/Users/kyleberry/sss/selsocsoc/dataconnect`\n"}}
[debug] [2026-09-27T23:31:14.494Z] E0927 19:31:14.493926   96014 watch.go:40] Failed to load config from "/Users/kyleberry/sss/selsocsoc/dataconnect": could not find dataconnect.yaml in `/Users/kyleberry/sss/selsocsoc/dataconnect`
 {"metadata":{"emulator":{"name":"dataconnect"},"message":"E0927 19:31:14.493926   96014 watch.go:40] Failed to load config from \"/Users/kyleberry/sss/selsocsoc/dataconnect\": could not find dataconnect.yaml in `/Users/kyleberry/sss/selsocsoc/dataconnect`\n"}}
[debug] [2026-09-27T23:31:24.494Z] E0927 19:31:24.493797   96014 watch.go:40] Failed to load config from "/Users/kyleberry/sss/selsocsoc/dataconnect": could not find dataconnect.yaml in `/Users/kyleberry/sss/selsocsoc/dataconnect`
 {"metadata":{"emulator":{"name":"dataconnect"},"message":"E0927 19:31:24.493797   96014 watch.go:40] Failed to load config from \"/Users/kyleberry/sss/selsocsoc/dataconnect\": could not find dataconnect.yaml in `/Users/kyleberry/sss/selsocsoc/dataconnect`\n"}}
[debug] [2026-09-27T23:31:34.498Z] E0927 19:31:34.497686   96014 watch.go:40] Failed to load config from "/Users/kyleberry/sss/selsocsoc/dataconnect": could not find dataconnect.yaml in `/Users/kyleberry/sss/selsocsoc/dataconnect`
 {"metadata":{"emulator":{"name":"dataconnect"},"message":"E0927 19:31:34.497686   96014 watch.go:40] Failed to load config from \"/Users/kyleberry/sss/selsocsoc/dataconnect\": could not find dataconnect.yaml in `/Users/kyleberry/sss/selsocsoc/dataconnect`\n"}}
[debug] [2026-09-27T23:31:44.517Z] E0927 19:31:44.516677   96014 watch.go:40] Failed to load config from "/Users/kyleberry/sss/selsocsoc/dataconnect": could not find dataconnect.yaml in `/Users/kyleberry/sss/selsocsoc/dataconnect`
 {"metadata":{"emulator":{"name":"dataconnect"},"message":"E0927 19:31:44.516677   96014 watch.go:40] Failed to load config from \"/Users/kyleberry/sss/selsocsoc/dataconnect\": could not find dataconnect.yaml in `/Users/kyleberry/sss/selsocsoc/dataconnect`\n"}}
[debug] [2026-09-27T23:31:54.526Z] E0927 19:31:54.526621   96014 watch.go:40] Failed to load config from "/Users/kyleberry/sss/selsocsoc/dataconnect": could not find dataconnect.yaml in `/Users/kyleberry/sss/selsocsoc/dataconnect`
 {"metadata":{"emulator":{"name":"dataconnect"},"message":"E0927 19:31:54.526621   96014 watch.go:40] Failed to load config from \"/Users/kyleberry/sss/selsocsoc/dataconnect\": could not find dataconnect.yaml in `/Users/kyleberry/sss/selsocsoc/dataconnect`\n"}}
[debug] [2026-09-27T23:32:04.532Z] E0927 19:32:04.531590   96014 watch.go:116] watchAllDir unable to walk dir `/Users/kyleberry/sss/selsocsoc/dataconnect`: lstat /Users/kyleberry/sss/selsocsoc/dataconnect: no such file or directory
E0927 19:32:04.531733   96014 watch.go:40] Failed to load config from "/Users/kyleberry/sss/selsocsoc/dataconnect": could not find dataconnect.yaml in `/Users/kyleberry/sss/selsocsoc/dataconnect`
 {"metadata":{"emulator":{"name":"dataconnect"},"message":"E0927 19:32:04.531590   96014 watch.go:116] watchAllDir unable to walk dir `/Users/kyleberry/sss/selsocsoc/dataconnect`: lstat /Users/kyleberry/sss/selsocsoc/dataconnect: no such file or directory\nE0927 19:32:04.531733   96014 watch.go:40] Failed to load config from \"/Users/kyleberry/sss/selsocsoc/dataconnect\": could not find dataconnect.yaml in `/Users/kyleberry/sss/selsocsoc/dataconnect`\n"}}
[debug] [2026-09-27T23:32:14.534Z] E0927 19:32:14.534581   96014 watch.go:40] Failed to load config from "/Users/kyleberry/sss/selsocsoc/dataconnect": could not find dataconnect.yaml in `/Users/kyleberry/sss/selsocsoc/dataconnect`
 {"metadata":{"emulator":{"name":"dataconnect"},"message":"E0927 19:32:14.534581   96014 watch.go:40] Failed to load config from \"/Users/kyleberry/sss/selsocsoc/dataconnect\": could not find dataconnect.yaml in `/Users/kyleberry/sss/selsocsoc/dataconnect`\n"}}
[debug] [2026-09-27T23:32:24.536Z] E0927 19:32:24.536429   96014 watch.go:40] Failed to load config from "/Users/kyleberry/sss/selsocsoc/dataconnect": could not find dataconnect.yaml in `/Users/kyleberry/sss/selsocsoc/dataconnect`
 {"metadata":{"emulator":{"name":"dataconnect"},"message":"E0927 19:32:24.536429   96014 watch.go:40] Failed to load config from \"/Users/kyleberry/sss/selsocsoc/dataconnect\": could not find dataconnect.yaml in `/Users/kyleberry/sss/selsocsoc/dataconnect`\n"}}
[debug] [2026-09-27T23:32:34.550Z] E0927 19:32:34.549868   96014 watch.go:40] Failed to load config from "/Users/kyleberry/sss/selsocsoc/dataconnect": could not find dataconnect.yaml in `/Users/kyleberry/sss/selsocsoc/dataconnect`
 {"metadata":{"emulator":{"name":"dataconnect"},"message":"E0927 19:32:34.549868   96014 watch.go:40] Failed to load config from \"/Users/kyleberry/sss/selsocsoc/dataconnect\": could not find dataconnect.yaml in `/Users/kyleberry/sss/selsocsoc/dataconnect`\n"}}
[debug] [2026-09-27T23:32:44.537Z] E0927 19:32:44.536778   96014 watch.go:40] Failed to load config from "/Users/kyleberry/sss/selsocsoc/dataconnect": could not find dataconnect.yaml in `/Users/kyleberry/sss/selsocsoc/dataconnect`
 {"metadata":{"emulator":{"name":"dataconnect"},"message":"E0927 19:32:44.536778   96014 watch.go:40] Failed to load config from \"/Users/kyleberry/sss/selsocsoc/dataconnect\": could not find dataconnect.yaml in `/Users/kyleberry/sss/selsocsoc/dataconnect`\n"}}
[debug] [2026-09-27T23:32:54.536Z] E0927 19:32:54.536343   96014 watch.go:40] Failed to load config from "/Users/kyleberry/sss/selsocsoc/dataconnect": could not find dataconnect.yaml in `/Users/kyleberry/sss/selsocsoc/dataconnect`
 {"metadata":{"emulator":{"name":"dataconnect"},"message":"E0927 19:32:54.536343   96014 watch.go:40] Failed to load config from \"/Users/kyleberry/sss/selsocsoc/dataconnect\": could not find dataconnect.yaml in `/Users/kyleberry/sss/selsocsoc/dataconnect`\n"}}
[debug] [2026-09-27T23:33:04.537Z] E0927 19:33:04.536947   96014 watch.go:116] watchAllDir unable to walk dir `/Users/kyleberry/sss/selsocsoc/dataconnect`: lstat /Users/kyleberry/sss/selsocsoc/dataconnect: no such file or directory
 {"metadata":{"emulator":{"name":"dataconnect"},"message":"E0927 19:33:04.536947   96014 watch.go:116] watchAllDir unable to walk dir `/Users/kyleberry/sss/selsocsoc/dataconnect`: lstat /Users/kyleberry/sss/selsocsoc/dataconnect: no such file or directory\n"}}
[debug] [2026-09-27T23:33:04.538Z] E0927 19:33:04.536977   96014 watch.go:40] Failed to load config from "/Users/kyleberry/sss/selsocsoc/dataconnect": could not find dataconnect.yaml in `/Users/kyleberry/sss/selsocsoc/dataconnect`
 {"metadata":{"emulator":{"name":"dataconnect"},"message":"E0927 19:33:04.536977   96014 watch.go:40] Failed to load config from \"/Users/kyleberry/sss/selsocsoc/dataconnect\": could not find dataconnect.yaml in `/Users/kyleberry/sss/selsocsoc/dataconnect`\n"}}
[debug] [2026-09-27T23:33:14.537Z] E0927 19:33:14.537449   96014 watch.go:40] Failed to load config from "/Users/kyleberry/sss/selsocsoc/dataconnect": could not find dataconnect.yaml in `/Users/kyleberry/sss/selsocsoc/dataconnect`
 {"metadata":{"emulator":{"name":"dataconnect"},"message":"E0927 19:33:14.537449   96014 watch.go:40] Failed to load config from \"/Users/kyleberry/sss/selsocsoc/dataconnect\": could not find dataconnect.yaml in `/Users/kyleberry/sss/selsocsoc/dataconnect`\n"}}
[debug] [2026-09-27T23:33:24.539Z] E0927 19:33:24.539277   96014 watch.go:40] Failed to load config from "/Users/kyleberry/sss/selsocsoc/dataconnect": could not find dataconnect.yaml in `/Users/kyleberry/sss/selsocsoc/dataconnect`
 {"metadata":{"emulator":{"name":"dataconnect"},"message":"E0927 19:33:24.539277   96014 watch.go:40] Failed to load config from \"/Users/kyleberry/sss/selsocsoc/dataconnect\": could not find dataconnect.yaml in `/Users/kyleberry/sss/selsocsoc/dataconnect`\n"}}
[debug] [2026-09-27T23:33:34.538Z] E0927 19:33:34.536930   96014 watch.go:40] Failed to load config from "/Users/kyleberry/sss/selsocsoc/dataconnect": could not find dataconnect.yaml in `/Users/kyleberry/sss/selsocsoc/dataconnect`
 {"metadata":{"emulator":{"name":"dataconnect"},"message":"E0927 19:33:34.536930   96014 watch.go:40] Failed to load config from \"/Users/kyleberry/sss/selsocsoc/dataconnect\": could not find dataconnect.yaml in `/Users/kyleberry/sss/selsocsoc/dataconnect`\n"}}
[debug] [2026-09-27T23:33:44.537Z] E0927 19:33:44.537178   96014 watch.go:40] Failed to load config from "/Users/kyleberry/sss/selsocsoc/dataconnect": could not find dataconnect.yaml in `/Users/kyleberry/sss/selsocsoc/dataconnect`
 {"metadata":{"emulator":{"name":"dataconnect"},"message":"E0927 19:33:44.537178   96014 watch.go:40] Failed to load config from \"/Users/kyleberry/sss/selsocsoc/dataconnect\": could not find dataconnect.yaml in `/Users/kyleberry/sss/selsocsoc/dataconnect`\n"}}
[debug] [2026-09-27T23:33:54.537Z] E0927 19:33:54.537183   96014 watch.go:40] Failed to load config from "/Users/kyleberry/sss/selsocsoc/dataconnect": could not find dataconnect.yaml in `/Users/kyleberry/sss/selsocsoc/dataconnect`
 {"metadata":{"emulator":{"name":"dataconnect"},"message":"E0927 19:33:54.537183   96014 watch.go:40] Failed to load config from \"/Users/kyleberry/sss/selsocsoc/dataconnect\": could not find dataconnect.yaml in `/Users/kyleberry/sss/selsocsoc/dataconnect`\n"}}
[debug] [2026-09-27T23:34:04.537Z] E0927 19:34:04.536547   96014 watch.go:40] Failed to load config from "/Users/kyleberry/sss/selsocsoc/dataconnect": could not find dataconnect.yaml in `/Users/kyleberry/sss/selsocsoc/dataconnect`
 {"metadata":{"emulator":{"name":"dataconnect"},"message":"E0927 19:34:04.536547   96014 watch.go:40] Failed to load config from \"/Users/kyleberry/sss/selsocsoc/dataconnect\": could not find dataconnect.yaml in `/Users/kyleberry/sss/selsocsoc/dataconnect`\n"}}
[debug] [2026-09-27T23:34:04.539Z] E0927 19:34:04.536420   96014 watch.go:116] watchAllDir unable to walk dir `/Users/kyleberry/sss/selsocsoc/dataconnect`: lstat /Users/kyleberry/sss/selsocsoc/dataconnect: no such file or directory
 {"metadata":{"emulator":{"name":"dataconnect"},"message":"E0927 19:34:04.536420   96014 watch.go:116] watchAllDir unable to walk dir `/Users/kyleberry/sss/selsocsoc/dataconnect`: lstat /Users/kyleberry/sss/selsocsoc/dataconnect: no such file or directory\n"}}
[debug] [2026-09-27T23:34:14.536Z] E0927 19:34:14.536463   96014 watch.go:40] Failed to load config from "/Users/kyleberry/sss/selsocsoc/dataconnect": could not find dataconnect.yaml in `/Users/kyleberry/sss/selsocsoc/dataconnect`
 {"metadata":{"emulator":{"name":"dataconnect"},"message":"E0927 19:34:14.536463   96014 watch.go:40] Failed to load config from \"/Users/kyleberry/sss/selsocsoc/dataconnect\": could not find dataconnect.yaml in `/Users/kyleberry/sss/selsocsoc/dataconnect`\n"}}
[debug] [2026-09-27T23:34:24.541Z] E0927 19:34:24.540995   96014 watch.go:40] Failed to load config from "/Users/kyleberry/sss/selsocsoc/dataconnect": could not find dataconnect.yaml in `/Users/kyleberry/sss/selsocsoc/dataconnect`
 {"metadata":{"emulator":{"name":"dataconnect"},"message":"E0927 19:34:24.540995   96014 watch.go:40] Failed to load config from \"/Users/kyleberry/sss/selsocsoc/dataconnect\": could not find dataconnect.yaml in `/Users/kyleberry/sss/selsocsoc/dataconnect`\n"}}
[debug] [2026-09-27T23:34:34.542Z] E0927 19:34:34.538718   96014 watch.go:40] Failed to load config from "/Users/kyleberry/sss/selsocsoc/dataconnect": could not find dataconnect.yaml in `/Users/kyleberry/sss/selsocsoc/dataconnect`
 {"metadata":{"emulator":{"name":"dataconnect"},"message":"E0927 19:34:34.538718   96014 watch.go:40] Failed to load config from \"/Users/kyleberry/sss/selsocsoc/dataconnect\": could not find dataconnect.yaml in `/Users/kyleberry/sss/selsocsoc/dataconnect`\n"}}
[debug] [2026-09-27T23:34:44.544Z] E0927 19:34:44.540454   96014 watch.go:40] Failed to load config from "/Users/kyleberry/sss/selsocsoc/dataconnect": could not find dataconnect.yaml in `/Users/kyleberry/sss/selsocsoc/dataconnect`
 {"metadata":{"emulator":{"name":"dataconnect"},"message":"E0927 19:34:44.540454   96014 watch.go:40] Failed to load config from \"/Users/kyleberry/sss/selsocsoc/dataconnect\": could not find dataconnect.yaml in `/Users/kyleberry/sss/selsocsoc/dataconnect`\n"}}
[debug] [2026-09-27T23:34:54.537Z] E0927 19:34:54.536649   96014 watch.go:40] Failed to load config from "/Users/kyleberry/sss/selsocsoc/dataconnect": could not find dataconnect.yaml in `/Users/kyleberry/sss/selsocsoc/dataconnect`
 {"metadata":{"emulator":{"name":"dataconnect"},"message":"E0927 19:34:54.536649   96014 watch.go:40] Failed to load config from \"/Users/kyleberry/sss/selsocsoc/dataconnect\": could not find dataconnect.yaml in `/Users/kyleberry/sss/selsocsoc/dataconnect`\n"}}
[debug] [2026-09-27T23:35:04.537Z] E0927 19:35:04.537137   96014 watch.go:40] Failed to load config from "/Users/kyleberry/sss/selsocsoc/dataconnect": could not find dataconnect.yaml in `/Users/kyleberry/sss/selsocsoc/dataconnect`
 {"metadata":{"emulator":{"name":"dataconnect"},"message":"E0927 19:35:04.537137   96014 watch.go:40] Failed to load config from \"/Users/kyleberry/sss/selsocsoc/dataconnect\": could not find dataconnect.yaml in `/Users/kyleberry/sss/selsocsoc/dataconnect`\n"}}
[debug] [2026-09-27T23:35:04.539Z] E0927 19:35:04.537095   96014 watch.go:116] watchAllDir unable to walk dir `/Users/kyleberry/sss/selsocsoc/dataconnect`: lstat /Users/kyleberry/sss/selsocsoc/dataconnect: no such file or directory
 {"metadata":{"emulator":{"name":"dataconnect"},"message":"E0927 19:35:04.537095   96014 watch.go:116] watchAllDir unable to walk dir `/Users/kyleberry/sss/selsocsoc/dataconnect`: lstat /Users/kyleberry/sss/selsocsoc/dataconnect: no such file or directory\n"}}
[debug] [2026-09-27T23:35:14.539Z] E0927 19:35:14.537746   96014 watch.go:40] Failed to load config from "/Users/kyleberry/sss/selsocsoc/dataconnect": could not find dataconnect.yaml in `/Users/kyleberry/sss/selsocsoc/dataconnect`
 {"metadata":{"emulator":{"name":"dataconnect"},"message":"E0927 19:35:14.537746   96014 watch.go:40] Failed to load config from \"/Users/kyleberry/sss/selsocsoc/dataconnect\": could not find dataconnect.yaml in `/Users/kyleberry/sss/selsocsoc/dataconnect`\n"}}
[debug] [2026-09-27T23:35:24.537Z] E0927 19:35:24.537002   96014 watch.go:40] Failed to load config from "/Users/kyleberry/sss/selsocsoc/dataconnect": could not find dataconnect.yaml in `/Users/kyleberry/sss/selsocsoc/dataconnect`
 {"metadata":{"emulator":{"name":"dataconnect"},"message":"E0927 19:35:24.537002   96014 watch.go:40] Failed to load config from \"/Users/kyleberry/sss/selsocsoc/dataconnect\": could not find dataconnect.yaml in `/Users/kyleberry/sss/selsocsoc/dataconnect`\n"}}
[debug] [2026-09-27T23:35:34.536Z] E0927 19:35:34.536500   96014 watch.go:40] Failed to load config from "/Users/kyleberry/sss/selsocsoc/dataconnect": could not find dataconnect.yaml in `/Users/kyleberry/sss/selsocsoc/dataconnect`
 {"metadata":{"emulator":{"name":"dataconnect"},"message":"E0927 19:35:34.536500   96014 watch.go:40] Failed to load config from \"/Users/kyleberry/sss/selsocsoc/dataconnect\": could not find dataconnect.yaml in `/Users/kyleberry/sss/selsocsoc/dataconnect`\n"}}
[debug] [2026-09-27T23:35:44.545Z] E0927 19:35:44.540609   96014 watch.go:40] Failed to load config from "/Users/kyleberry/sss/selsocsoc/dataconnect": could not find dataconnect.yaml in `/Users/kyleberry/sss/selsocsoc/dataconnect`
 {"metadata":{"emulator":{"name":"dataconnect"},"message":"E0927 19:35:44.540609   96014 watch.go:40] Failed to load config from \"/Users/kyleberry/sss/selsocsoc/dataconnect\": could not find dataconnect.yaml in `/Users/kyleberry/sss/selsocsoc/dataconnect`\n"}}
[debug] [2026-09-27T23:35:54.538Z] E0927 19:35:54.537618   96014 watch.go:40] Failed to load config from "/Users/kyleberry/sss/selsocsoc/dataconnect": could not find dataconnect.yaml in `/Users/kyleberry/sss/selsocsoc/dataconnect`
 {"metadata":{"emulator":{"name":"dataconnect"},"message":"E0927 19:35:54.537618   96014 watch.go:40] Failed to load config from \"/Users/kyleberry/sss/selsocsoc/dataconnect\": could not find dataconnect.yaml in `/Users/kyleberry/sss/selsocsoc/dataconnect`\n"}}
[debug] [2026-09-27T23:36:04.536Z] E0927 19:36:04.536512   96014 watch.go:40] Failed to load config from "/Users/kyleberry/sss/selsocsoc/dataconnect": could not find dataconnect.yaml in `/Users/kyleberry/sss/selsocsoc/dataconnect`
 {"metadata":{"emulator":{"name":"dataconnect"},"message":"E0927 19:36:04.536512   96014 watch.go:40] Failed to load config from \"/Users/kyleberry/sss/selsocsoc/dataconnect\": could not find dataconnect.yaml in `/Users/kyleberry/sss/selsocsoc/dataconnect`\n"}}
[debug] [2026-09-27T23:36:04.538Z] E0927 19:36:04.536446   96014 watch.go:116] watchAllDir unable to walk dir `/Users/kyleberry/sss/selsocsoc/dataconnect`: lstat /Users/kyleberry/sss/selsocsoc/dataconnect: no such file or directory
 {"metadata":{"emulator":{"name":"dataconnect"},"message":"E0927 19:36:04.536446   96014 watch.go:116] watchAllDir unable to walk dir `/Users/kyleberry/sss/selsocsoc/dataconnect`: lstat /Users/kyleberry/sss/selsocsoc/dataconnect: no such file or directory\n"}}
[debug] [2026-09-27T23:36:15.367Z] E0927 19:36:14.590911   96014 watch.go:40] Failed to load config from "/Users/kyleberry/sss/selsocsoc/dataconnect": could not find dataconnect.yaml in `/Users/kyleberry/sss/selsocsoc/dataconnect`
 {"metadata":{"emulator":{"name":"dataconnect"},"message":"E0927 19:36:14.590911   96014 watch.go:40] Failed to load config from \"/Users/kyleberry/sss/selsocsoc/dataconnect\": could not find dataconnect.yaml in `/Users/kyleberry/sss/selsocsoc/dataconnect`\n"}}
[debug] [2026-09-27T23:36:24.592Z] E0927 19:36:24.573326   96014 watch.go:40] Failed to load config from "/Users/kyleberry/sss/selsocsoc/dataconnect": could not find dataconnect.yaml in `/Users/kyleberry/sss/selsocsoc/dataconnect`
 {"metadata":{"emulator":{"name":"dataconnect"},"message":"E0927 19:36:24.573326   96014 watch.go:40] Failed to load config from \"/Users/kyleberry/sss/selsocsoc/dataconnect\": could not find dataconnect.yaml in `/Users/kyleberry/sss/selsocsoc/dataconnect`\n"}}
[debug] [2026-09-27T23:36:34.537Z] E0927 19:36:34.536721   96014 watch.go:40] Failed to load config from "/Users/kyleberry/sss/selsocsoc/dataconnect": could not find dataconnect.yaml in `/Users/kyleberry/sss/selsocsoc/dataconnect`
 {"metadata":{"emulator":{"name":"dataconnect"},"message":"E0927 19:36:34.536721   96014 watch.go:40] Failed to load config from \"/Users/kyleberry/sss/selsocsoc/dataconnect\": could not find dataconnect.yaml in `/Users/kyleberry/sss/selsocsoc/dataconnect`\n"}}
[debug] [2026-09-27T23:36:44.537Z] E0927 19:36:44.536747   96014 watch.go:40] Failed to load config from "/Users/kyleberry/sss/selsocsoc/dataconnect": could not find dataconnect.yaml in `/Users/kyleberry/sss/selsocsoc/dataconnect`
 {"metadata":{"emulator":{"name":"dataconnect"},"message":"E0927 19:36:44.536747   96014 watch.go:40] Failed to load config from \"/Users/kyleberry/sss/selsocsoc/dataconnect\": could not find dataconnect.yaml in `/Users/kyleberry/sss/selsocsoc/dataconnect`\n"}}
[debug] [2026-09-27T23:36:54.537Z] E0927 19:36:54.536833   96014 watch.go:40] Failed to load config from "/Users/kyleberry/sss/selsocsoc/dataconnect": could not find dataconnect.yaml in `/Users/kyleberry/sss/selsocsoc/dataconnect`
 {"metadata":{"emulator":{"name":"dataconnect"},"message":"E0927 19:36:54.536833   96014 watch.go:40] Failed to load config from \"/Users/kyleberry/sss/selsocsoc/dataconnect\": could not find dataconnect.yaml in `/Users/kyleberry/sss/selsocsoc/dataconnect`\n"}}
[debug] [2026-09-27T23:37:04.537Z] E0927 19:37:04.536191   96014 watch.go:40] Failed to load config from "/Users/kyleberry/sss/selsocsoc/dataconnect": could not find dataconnect.yaml in `/Users/kyleberry/sss/selsocsoc/dataconnect`
 {"metadata":{"emulator":{"name":"dataconnect"},"message":"E0927 19:37:04.536191   96014 watch.go:40] Failed to load config from \"/Users/kyleberry/sss/selsocsoc/dataconnect\": could not find dataconnect.yaml in `/Users/kyleberry/sss/selsocsoc/dataconnect`\n"}}
[debug] [2026-09-27T23:37:04.538Z] E0927 19:37:04.536599   96014 watch.go:116] watchAllDir unable to walk dir `/Users/kyleberry/sss/selsocsoc/dataconnect`: lstat /Users/kyleberry/sss/selsocsoc/dataconnect: no such file or directory
 {"metadata":{"emulator":{"name":"dataconnect"},"message":"E0927 19:37:04.536599   96014 watch.go:116] watchAllDir unable to walk dir `/Users/kyleberry/sss/selsocsoc/dataconnect`: lstat /Users/kyleberry/sss/selsocsoc/dataconnect: no such file or directory\n"}}
[debug] [2026-09-27T23:37:14.538Z] E0927 19:37:14.537426   96014 watch.go:40] Failed to load config from "/Users/kyleberry/sss/selsocsoc/dataconnect": could not find dataconnect.yaml in `/Users/kyleberry/sss/selsocsoc/dataconnect`
 {"metadata":{"emulator":{"name":"dataconnect"},"message":"E0927 19:37:14.537426   96014 watch.go:40] Failed to load config from \"/Users/kyleberry/sss/selsocsoc/dataconnect\": could not find dataconnect.yaml in `/Users/kyleberry/sss/selsocsoc/dataconnect`\n"}}
[debug] [2026-09-27T23:37:24.564Z] E0927 19:37:24.555937   96014 watch.go:40] Failed to load config from "/Users/kyleberry/sss/selsocsoc/dataconnect": could not find dataconnect.yaml in `/Users/kyleberry/sss/selsocsoc/dataconnect`
 {"metadata":{"emulator":{"name":"dataconnect"},"message":"E0927 19:37:24.555937   96014 watch.go:40] Failed to load config from \"/Users/kyleberry/sss/selsocsoc/dataconnect\": could not find dataconnect.yaml in `/Users/kyleberry/sss/selsocsoc/dataconnect`\n"}}
[debug] [2026-09-27T23:37:34.554Z] E0927 19:37:34.548259   96014 watch.go:40] Failed to load config from "/Users/kyleberry/sss/selsocsoc/dataconnect": could not find dataconnect.yaml in `/Users/kyleberry/sss/selsocsoc/dataconnect`
 {"metadata":{"emulator":{"name":"dataconnect"},"message":"E0927 19:37:34.548259   96014 watch.go:40] Failed to load config from \"/Users/kyleberry/sss/selsocsoc/dataconnect\": could not find dataconnect.yaml in `/Users/kyleberry/sss/selsocsoc/dataconnect`\n"}}
[debug] [2026-09-27T23:37:44.539Z] E0927 19:37:44.538877   96014 watch.go:40] Failed to load config from "/Users/kyleberry/sss/selsocsoc/dataconnect": could not find dataconnect.yaml in `/Users/kyleberry/sss/selsocsoc/dataconnect`
 {"metadata":{"emulator":{"name":"dataconnect"},"message":"E0927 19:37:44.538877   96014 watch.go:40] Failed to load config from \"/Users/kyleberry/sss/selsocsoc/dataconnect\": could not find dataconnect.yaml in `/Users/kyleberry/sss/selsocsoc/dataconnect`\n"}}
[debug] [2026-09-27T23:37:54.553Z] E0927 19:37:54.552358   96014 watch.go:40] Failed to load config from "/Users/kyleberry/sss/selsocsoc/dataconnect": could not find dataconnect.yaml in `/Users/kyleberry/sss/selsocsoc/dataconnect`
 {"metadata":{"emulator":{"name":"dataconnect"},"message":"E0927 19:37:54.552358   96014 watch.go:40] Failed to load config from \"/Users/kyleberry/sss/selsocsoc/dataconnect\": could not find dataconnect.yaml in `/Users/kyleberry/sss/selsocsoc/dataconnect`\n"}}
[debug] [2026-09-27T23:38:04.537Z] E0927 19:38:04.536163   96014 watch.go:40] Failed to load config from "/Users/kyleberry/sss/selsocsoc/dataconnect": could not find dataconnect.yaml in `/Users/kyleberry/sss/selsocsoc/dataconnect`
 {"metadata":{"emulator":{"name":"dataconnect"},"message":"E0927 19:38:04.536163   96014 watch.go:40] Failed to load config from \"/Users/kyleberry/sss/selsocsoc/dataconnect\": could not find dataconnect.yaml in `/Users/kyleberry/sss/selsocsoc/dataconnect`\n"}}
[debug] [2026-09-27T23:38:04.540Z] E0927 19:38:04.536087   96014 watch.go:116] watchAllDir unable to walk dir `/Users/kyleberry/sss/selsocsoc/dataconnect`: lstat /Users/kyleberry/sss/selsocsoc/dataconnect: no such file or directory
 {"metadata":{"emulator":{"name":"dataconnect"},"message":"E0927 19:38:04.536087   96014 watch.go:116] watchAllDir unable to walk dir `/Users/kyleberry/sss/selsocsoc/dataconnect`: lstat /Users/kyleberry/sss/selsocsoc/dataconnect: no such file or directory\n"}}
[debug] [2026-09-27T23:38:14.537Z] E0927 19:38:14.537039   96014 watch.go:40] Failed to load config from "/Users/kyleberry/sss/selsocsoc/dataconnect": could not find dataconnect.yaml in `/Users/kyleberry/sss/selsocsoc/dataconnect`
 {"metadata":{"emulator":{"name":"dataconnect"},"message":"E0927 19:38:14.537039   96014 watch.go:40] Failed to load config from \"/Users/kyleberry/sss/selsocsoc/dataconnect\": could not find dataconnect.yaml in `/Users/kyleberry/sss/selsocsoc/dataconnect`\n"}}
[debug] [2026-09-27T23:38:24.549Z] E0927 19:38:24.546198   96014 watch.go:40] Failed to load config from "/Users/kyleberry/sss/selsocsoc/dataconnect": could not find dataconnect.yaml in `/Users/kyleberry/sss/selsocsoc/dataconnect`
 {"metadata":{"emulator":{"name":"dataconnect"},"message":"E0927 19:38:24.546198   96014 watch.go:40] Failed to load config from \"/Users/kyleberry/sss/selsocsoc/dataconnect\": could not find dataconnect.yaml in `/Users/kyleberry/sss/selsocsoc/dataconnect`\n"}}
[debug] [2026-09-27T23:38:34.536Z] E0927 19:38:34.536332   96014 watch.go:40] Failed to load config from "/Users/kyleberry/sss/selsocsoc/dataconnect": could not find dataconnect.yaml in `/Users/kyleberry/sss/selsocsoc/dataconnect`
 {"metadata":{"emulator":{"name":"dataconnect"},"message":"E0927 19:38:34.536332   96014 watch.go:40] Failed to load config from \"/Users/kyleberry/sss/selsocsoc/dataconnect\": could not find dataconnect.yaml in `/Users/kyleberry/sss/selsocsoc/dataconnect`\n"}}
[debug] [2026-09-27T23:38:44.537Z] E0927 19:38:44.536887   96014 watch.go:40] Failed to load config from "/Users/kyleberry/sss/selsocsoc/dataconnect": could not find dataconnect.yaml in `/Users/kyleberry/sss/selsocsoc/dataconnect`
 {"metadata":{"emulator":{"name":"dataconnect"},"message":"E0927 19:38:44.536887   96014 watch.go:40] Failed to load config from \"/Users/kyleberry/sss/selsocsoc/dataconnect\": could not find dataconnect.yaml in `/Users/kyleberry/sss/selsocsoc/dataconnect`\n"}}
[debug] [2026-09-27T23:38:54.536Z] E0927 19:38:54.536310   96014 watch.go:40] Failed to load config from "/Users/kyleberry/sss/selsocsoc/dataconnect": could not find dataconnect.yaml in `/Users/kyleberry/sss/selsocsoc/dataconnect`
 {"metadata":{"emulator":{"name":"dataconnect"},"message":"E0927 19:38:54.536310   96014 watch.go:40] Failed to load config from \"/Users/kyleberry/sss/selsocsoc/dataconnect\": could not find dataconnect.yaml in `/Users/kyleberry/sss/selsocsoc/dataconnect`\n"}}
[debug] [2026-09-27T23:39:04.546Z] E0927 19:39:04.545482   96014 watch.go:40] Failed to load config from "/Users/kyleberry/sss/selsocsoc/dataconnect": could not find dataconnect.yaml in `/Users/kyleberry/sss/selsocsoc/dataconnect`
 {"metadata":{"emulator":{"name":"dataconnect"},"message":"E0927 19:39:04.545482   96014 watch.go:40] Failed to load config from \"/Users/kyleberry/sss/selsocsoc/dataconnect\": could not find dataconnect.yaml in `/Users/kyleberry/sss/selsocsoc/dataconnect`\n"}}
[debug] [2026-09-27T23:39:04.548Z] E0927 19:39:04.545348   96014 watch.go:116] watchAllDir unable to walk dir `/Users/kyleberry/sss/selsocsoc/dataconnect`: lstat /Users/kyleberry/sss/selsocsoc/dataconnect: no such file or directory
 {"metadata":{"emulator":{"name":"dataconnect"},"message":"E0927 19:39:04.545348   96014 watch.go:116] watchAllDir unable to walk dir `/Users/kyleberry/sss/selsocsoc/dataconnect`: lstat /Users/kyleberry/sss/selsocsoc/dataconnect: no such file or directory\n"}}
[debug] [2026-09-27T23:39:14.536Z] E0927 19:39:14.535712   96014 watch.go:40] Failed to load config from "/Users/kyleberry/sss/selsocsoc/dataconnect": could not find dataconnect.yaml in `/Users/kyleberry/sss/selsocsoc/dataconnect`
 {"metadata":{"emulator":{"name":"dataconnect"},"message":"E0927 19:39:14.535712   96014 watch.go:40] Failed to load config from \"/Users/kyleberry/sss/selsocsoc/dataconnect\": could not find dataconnect.yaml in `/Users/kyleberry/sss/selsocsoc/dataconnect`\n"}}
[debug] [2026-09-27T23:39:24.539Z] E0927 19:39:24.537428   96014 watch.go:40] Failed to load config from "/Users/kyleberry/sss/selsocsoc/dataconnect": could not find dataconnect.yaml in `/Users/kyleberry/sss/selsocsoc/dataconnect`
 {"metadata":{"emulator":{"name":"dataconnect"},"message":"E0927 19:39:24.537428   96014 watch.go:40] Failed to load config from \"/Users/kyleberry/sss/selsocsoc/dataconnect\": could not find dataconnect.yaml in `/Users/kyleberry/sss/selsocsoc/dataconnect`\n"}}
[debug] [2026-09-27T23:39:34.540Z] E0927 19:39:34.538564   96014 watch.go:40] Failed to load config from "/Users/kyleberry/sss/selsocsoc/dataconnect": could not find dataconnect.yaml in `/Users/kyleberry/sss/selsocsoc/dataconnect`
 {"metadata":{"emulator":{"name":"dataconnect"},"message":"E0927 19:39:34.538564   96014 watch.go:40] Failed to load config from \"/Users/kyleberry/sss/selsocsoc/dataconnect\": could not find dataconnect.yaml in `/Users/kyleberry/sss/selsocsoc/dataconnect`\n"}}
[debug] [2026-09-27T23:39:44.537Z] E0927 19:39:44.536982   96014 watch.go:40] Failed to load config from "/Users/kyleberry/sss/selsocsoc/dataconnect": could not find dataconnect.yaml in `/Users/kyleberry/sss/selsocsoc/dataconnect`
 {"metadata":{"emulator":{"name":"dataconnect"},"message":"E0927 19:39:44.536982   96014 watch.go:40] Failed to load config from \"/Users/kyleberry/sss/selsocsoc/dataconnect\": could not find dataconnect.yaml in `/Users/kyleberry/sss/selsocsoc/dataconnect`\n"}}
[debug] [2026-09-27T23:39:54.537Z] E0927 19:39:54.536985   96014 watch.go:40] Failed to load config from "/Users/kyleberry/sss/selsocsoc/dataconnect": could not find dataconnect.yaml in `/Users/kyleberry/sss/selsocsoc/dataconnect`
 {"metadata":{"emulator":{"name":"dataconnect"},"message":"E0927 19:39:54.536985   96014 watch.go:40] Failed to load config from \"/Users/kyleberry/sss/selsocsoc/dataconnect\": could not find dataconnect.yaml in `/Users/kyleberry/sss/selsocsoc/dataconnect`\n"}}
[debug] [2026-09-27T23:40:04.547Z] E0927 19:40:04.536252   96014 watch.go:116] watchAllDir unable to walk dir `/Users/kyleberry/sss/selsocsoc/dataconnect`: lstat /Users/kyleberry/sss/selsocsoc/dataconnect: no such file or directory
 {"metadata":{"emulator":{"name":"dataconnect"},"message":"E0927 19:40:04.536252   96014 watch.go:116] watchAllDir unable to walk dir `/Users/kyleberry/sss/selsocsoc/dataconnect`: lstat /Users/kyleberry/sss/selsocsoc/dataconnect: no such file or directory\n"}}
[debug] [2026-09-27T23:40:04.553Z] E0927 19:40:04.536512   96014 watch.go:40] Failed to load config from "/Users/kyleberry/sss/selsocsoc/dataconnect": could not find dataconnect.yaml in `/Users/kyleberry/sss/selsocsoc/dataconnect`
 {"metadata":{"emulator":{"name":"dataconnect"},"message":"E0927 19:40:04.536512   96014 watch.go:40] Failed to load config from \"/Users/kyleberry/sss/selsocsoc/dataconnect\": could not find dataconnect.yaml in `/Users/kyleberry/sss/selsocsoc/dataconnect`\n"}}
[debug] [2026-09-27T23:40:14.553Z] E0927 19:40:14.546893   96014 watch.go:40] Failed to load config from "/Users/kyleberry/sss/selsocsoc/dataconnect": could not find dataconnect.yaml in `/Users/kyleberry/sss/selsocsoc/dataconnect`
 {"metadata":{"emulator":{"name":"dataconnect"},"message":"E0927 19:40:14.546893   96014 watch.go:40] Failed to load config from \"/Users/kyleberry/sss/selsocsoc/dataconnect\": could not find dataconnect.yaml in `/Users/kyleberry/sss/selsocsoc/dataconnect`\n"}}
[debug] [2026-09-27T23:40:24.537Z] E0927 19:40:24.536448   96014 watch.go:40] Failed to load config from "/Users/kyleberry/sss/selsocsoc/dataconnect": could not find dataconnect.yaml in `/Users/kyleberry/sss/selsocsoc/dataconnect`
 {"metadata":{"emulator":{"name":"dataconnect"},"message":"E0927 19:40:24.536448   96014 watch.go:40] Failed to load config from \"/Users/kyleberry/sss/selsocsoc/dataconnect\": could not find dataconnect.yaml in `/Users/kyleberry/sss/selsocsoc/dataconnect`\n"}}
[debug] [2026-09-27T23:40:34.536Z] E0927 19:40:34.535935   96014 watch.go:40] Failed to load config from "/Users/kyleberry/sss/selsocsoc/dataconnect": could not find dataconnect.yaml in `/Users/kyleberry/sss/selsocsoc/dataconnect`
 {"metadata":{"emulator":{"name":"dataconnect"},"message":"E0927 19:40:34.535935   96014 watch.go:40] Failed to load config from \"/Users/kyleberry/sss/selsocsoc/dataconnect\": could not find dataconnect.yaml in `/Users/kyleberry/sss/selsocsoc/dataconnect`\n"}}
[debug] [2026-09-27T23:40:44.537Z] E0927 19:40:44.537218   96014 watch.go:40] Failed to load config from "/Users/kyleberry/sss/selsocsoc/dataconnect": could not find dataconnect.yaml in `/Users/kyleberry/sss/selsocsoc/dataconnect`
 {"metadata":{"emulator":{"name":"dataconnect"},"message":"E0927 19:40:44.537218   96014 watch.go:40] Failed to load config from \"/Users/kyleberry/sss/selsocsoc/dataconnect\": could not find dataconnect.yaml in `/Users/kyleberry/sss/selsocsoc/dataconnect`\n"}}
[debug] [2026-09-27T23:40:54.540Z] E0927 19:40:54.538546   96014 watch.go:40] Failed to load config from "/Users/kyleberry/sss/selsocsoc/dataconnect": could not find dataconnect.yaml in `/Users/kyleberry/sss/selsocsoc/dataconnect`
 {"metadata":{"emulator":{"name":"dataconnect"},"message":"E0927 19:40:54.538546   96014 watch.go:40] Failed to load config from \"/Users/kyleberry/sss/selsocsoc/dataconnect\": could not find dataconnect.yaml in `/Users/kyleberry/sss/selsocsoc/dataconnect`\n"}}
[debug] [2026-09-27T23:41:04.536Z] E0927 19:41:04.536020   96014 watch.go:40] Failed to load config from "/Users/kyleberry/sss/selsocsoc/dataconnect": could not find dataconnect.yaml in `/Users/kyleberry/sss/selsocsoc/dataconnect`
 {"metadata":{"emulator":{"name":"dataconnect"},"message":"E0927 19:41:04.536020   96014 watch.go:40] Failed to load config from \"/Users/kyleberry/sss/selsocsoc/dataconnect\": could not find dataconnect.yaml in `/Users/kyleberry/sss/selsocsoc/dataconnect`\n"}}
[debug] [2026-09-27T23:41:04.538Z] E0927 19:41:04.535920   96014 watch.go:116] watchAllDir unable to walk dir `/Users/kyleberry/sss/selsocsoc/dataconnect`: lstat /Users/kyleberry/sss/selsocsoc/dataconnect: no such file or directory
 {"metadata":{"emulator":{"name":"dataconnect"},"message":"E0927 19:41:04.535920   96014 watch.go:116] watchAllDir unable to walk dir `/Users/kyleberry/sss/selsocsoc/dataconnect`: lstat /Users/kyleberry/sss/selsocsoc/dataconnect: no such file or directory\n"}}
[debug] [2026-09-27T23:41:14.536Z] E0927 19:41:14.536236   96014 watch.go:40] Failed to load config from "/Users/kyleberry/sss/selsocsoc/dataconnect": could not find dataconnect.yaml in `/Users/kyleberry/sss/selsocsoc/dataconnect`
 {"metadata":{"emulator":{"name":"dataconnect"},"message":"E0927 19:41:14.536236   96014 watch.go:40] Failed to load config from \"/Users/kyleberry/sss/selsocsoc/dataconnect\": could not find dataconnect.yaml in `/Users/kyleberry/sss/selsocsoc/dataconnect`\n"}}
[debug] [2026-09-27T23:41:24.542Z] E0927 19:41:24.539383   96014 watch.go:40] Failed to load config from "/Users/kyleberry/sss/selsocsoc/dataconnect": could not find dataconnect.yaml in `/Users/kyleberry/sss/selsocsoc/dataconnect`
 {"metadata":{"emulator":{"name":"dataconnect"},"message":"E0927 19:41:24.539383   96014 watch.go:40] Failed to load config from \"/Users/kyleberry/sss/selsocsoc/dataconnect\": could not find dataconnect.yaml in `/Users/kyleberry/sss/selsocsoc/dataconnect`\n"}}
[debug] [2026-09-27T23:41:34.537Z] E0927 19:41:34.535779   96014 watch.go:40] Failed to load config from "/Users/kyleberry/sss/selsocsoc/dataconnect": could not find dataconnect.yaml in `/Users/kyleberry/sss/selsocsoc/dataconnect`
 {"metadata":{"emulator":{"name":"dataconnect"},"message":"E0927 19:41:34.535779   96014 watch.go:40] Failed to load config from \"/Users/kyleberry/sss/selsocsoc/dataconnect\": could not find dataconnect.yaml in `/Users/kyleberry/sss/selsocsoc/dataconnect`\n"}}
[debug] [2026-09-27T23:41:44.538Z] E0927 19:41:44.538189   96014 watch.go:40] Failed to load config from "/Users/kyleberry/sss/selsocsoc/dataconnect": could not find dataconnect.yaml in `/Users/kyleberry/sss/selsocsoc/dataconnect`
 {"metadata":{"emulator":{"name":"dataconnect"},"message":"E0927 19:41:44.538189   96014 watch.go:40] Failed to load config from \"/Users/kyleberry/sss/selsocsoc/dataconnect\": could not find dataconnect.yaml in `/Users/kyleberry/sss/selsocsoc/dataconnect`\n"}}
[debug] [2026-09-27T23:41:54.537Z] E0927 19:41:54.536235   96014 watch.go:40] Failed to load config from "/Users/kyleberry/sss/selsocsoc/dataconnect": could not find dataconnect.yaml in `/Users/kyleberry/sss/selsocsoc/dataconnect`
 {"metadata":{"emulator":{"name":"dataconnect"},"message":"E0927 19:41:54.536235   96014 watch.go:40] Failed to load config from \"/Users/kyleberry/sss/selsocsoc/dataconnect\": could not find dataconnect.yaml in `/Users/kyleberry/sss/selsocsoc/dataconnect`\n"}}
[debug] [2026-09-27T23:42:04.538Z] E0927 19:42:04.537169   96014 watch.go:40] Failed to load config from "/Users/kyleberry/sss/selsocsoc/dataconnect": could not find dataconnect.yaml in `/Users/kyleberry/sss/selsocsoc/dataconnect`
 {"metadata":{"emulator":{"name":"dataconnect"},"message":"E0927 19:42:04.537169   96014 watch.go:40] Failed to load config from \"/Users/kyleberry/sss/selsocsoc/dataconnect\": could not find dataconnect.yaml in `/Users/kyleberry/sss/selsocsoc/dataconnect`\n"}}
[debug] [2026-09-27T23:42:04.540Z] E0927 19:42:04.535555   96014 watch.go:116] watchAllDir unable to walk dir `/Users/kyleberry/sss/selsocsoc/dataconnect`: lstat /Users/kyleberry/sss/selsocsoc/dataconnect: no such file or directory
 {"metadata":{"emulator":{"name":"dataconnect"},"message":"E0927 19:42:04.535555   96014 watch.go:116] watchAllDir unable to walk dir `/Users/kyleberry/sss/selsocsoc/dataconnect`: lstat /Users/kyleberry/sss/selsocsoc/dataconnect: no such file or directory\n"}}
[debug] [2026-09-27T23:42:14.573Z] E0927 19:42:14.570838   96014 watch.go:40] Failed to load config from "/Users/kyleberry/sss/selsocsoc/dataconnect": could not find dataconnect.yaml in `/Users/kyleberry/sss/selsocsoc/dataconnect`
 {"metadata":{"emulator":{"name":"dataconnect"},"message":"E0927 19:42:14.570838   96014 watch.go:40] Failed to load config from \"/Users/kyleberry/sss/selsocsoc/dataconnect\": could not find dataconnect.yaml in `/Users/kyleberry/sss/selsocsoc/dataconnect`\n"}}
[debug] [2026-09-27T23:42:24.540Z] E0927 19:42:24.536274   96014 watch.go:40] Failed to load config from "/Users/kyleberry/sss/selsocsoc/dataconnect": could not find dataconnect.yaml in `/Users/kyleberry/sss/selsocsoc/dataconnect`
 {"metadata":{"emulator":{"name":"dataconnect"},"message":"E0927 19:42:24.536274   96014 watch.go:40] Failed to load config from \"/Users/kyleberry/sss/selsocsoc/dataconnect\": could not find dataconnect.yaml in `/Users/kyleberry/sss/selsocsoc/dataconnect`\n"}}
[debug] [2026-09-27T23:42:34.544Z] E0927 19:42:34.544119   96014 watch.go:40] Failed to load config from "/Users/kyleberry/sss/selsocsoc/dataconnect": could not find dataconnect.yaml in `/Users/kyleberry/sss/selsocsoc/dataconnect`
 {"metadata":{"emulator":{"name":"dataconnect"},"message":"E0927 19:42:34.544119   96014 watch.go:40] Failed to load config from \"/Users/kyleberry/sss/selsocsoc/dataconnect\": could not find dataconnect.yaml in `/Users/kyleberry/sss/selsocsoc/dataconnect`\n"}}
[debug] [2026-09-27T23:42:44.535Z] E0927 19:42:44.535373   96014 watch.go:40] Failed to load config from "/Users/kyleberry/sss/selsocsoc/dataconnect": could not find dataconnect.yaml in `/Users/kyleberry/sss/selsocsoc/dataconnect`
 {"metadata":{"emulator":{"name":"dataconnect"},"message":"E0927 19:42:44.535373   96014 watch.go:40] Failed to load config from \"/Users/kyleberry/sss/selsocsoc/dataconnect\": could not find dataconnect.yaml in `/Users/kyleberry/sss/selsocsoc/dataconnect`\n"}}
[debug] [2026-09-27T23:42:54.565Z] E0927 19:42:54.553880   96014 watch.go:40] Failed to load config from "/Users/kyleberry/sss/selsocsoc/dataconnect": could not find dataconnect.yaml in `/Users/kyleberry/sss/selsocsoc/dataconnect`
 {"metadata":{"emulator":{"name":"dataconnect"},"message":"E0927 19:42:54.553880   96014 watch.go:40] Failed to load config from \"/Users/kyleberry/sss/selsocsoc/dataconnect\": could not find dataconnect.yaml in `/Users/kyleberry/sss/selsocsoc/dataconnect`\n"}}
[debug] [2026-09-27T23:43:04.545Z] E0927 19:43:04.544333   96014 watch.go:40] Failed to load config from "/Users/kyleberry/sss/selsocsoc/dataconnect": could not find dataconnect.yaml in `/Users/kyleberry/sss/selsocsoc/dataconnect`
 {"metadata":{"emulator":{"name":"dataconnect"},"message":"E0927 19:43:04.544333   96014 watch.go:40] Failed to load config from \"/Users/kyleberry/sss/selsocsoc/dataconnect\": could not find dataconnect.yaml in `/Users/kyleberry/sss/selsocsoc/dataconnect`\n"}}
[debug] [2026-09-27T23:43:04.560Z] E0927 19:43:04.541048   96014 watch.go:116] watchAllDir unable to walk dir `/Users/kyleberry/sss/selsocsoc/dataconnect`: lstat /Users/kyleberry/sss/selsocsoc/dataconnect: no such file or directory
 {"metadata":{"emulator":{"name":"dataconnect"},"message":"E0927 19:43:04.541048   96014 watch.go:116] watchAllDir unable to walk dir `/Users/kyleberry/sss/selsocsoc/dataconnect`: lstat /Users/kyleberry/sss/selsocsoc/dataconnect: no such file or directory\n"}}
[debug] [2026-09-27T23:43:14.536Z] E0927 19:43:14.535896   96014 watch.go:40] Failed to load config from "/Users/kyleberry/sss/selsocsoc/dataconnect": could not find dataconnect.yaml in `/Users/kyleberry/sss/selsocsoc/dataconnect`
 {"metadata":{"emulator":{"name":"dataconnect"},"message":"E0927 19:43:14.535896   96014 watch.go:40] Failed to load config from \"/Users/kyleberry/sss/selsocsoc/dataconnect\": could not find dataconnect.yaml in `/Users/kyleberry/sss/selsocsoc/dataconnect`\n"}}
[debug] [2026-09-27T23:43:24.550Z] E0927 19:43:24.549542   96014 watch.go:40] Failed to load config from "/Users/kyleberry/sss/selsocsoc/dataconnect": could not find dataconnect.yaml in `/Users/kyleberry/sss/selsocsoc/dataconnect`
 {"metadata":{"emulator":{"name":"dataconnect"},"message":"E0927 19:43:24.549542   96014 watch.go:40] Failed to load config from \"/Users/kyleberry/sss/selsocsoc/dataconnect\": could not find dataconnect.yaml in `/Users/kyleberry/sss/selsocsoc/dataconnect`\n"}}
[debug] [2026-09-27T23:43:34.537Z] E0927 19:43:34.536566   96014 watch.go:40] Failed to load config from "/Users/kyleberry/sss/selsocsoc/dataconnect": could not find dataconnect.yaml in `/Users/kyleberry/sss/selsocsoc/dataconnect`
 {"metadata":{"emulator":{"name":"dataconnect"},"message":"E0927 19:43:34.536566   96014 watch.go:40] Failed to load config from \"/Users/kyleberry/sss/selsocsoc/dataconnect\": could not find dataconnect.yaml in `/Users/kyleberry/sss/selsocsoc/dataconnect`\n"}}
[debug] [2026-09-27T23:43:44.538Z] E0927 19:43:44.536263   96014 watch.go:40] Failed to load config from "/Users/kyleberry/sss/selsocsoc/dataconnect": could not find dataconnect.yaml in `/Users/kyleberry/sss/selsocsoc/dataconnect`
 {"metadata":{"emulator":{"name":"dataconnect"},"message":"E0927 19:43:44.536263   96014 watch.go:40] Failed to load config from \"/Users/kyleberry/sss/selsocsoc/dataconnect\": could not find dataconnect.yaml in `/Users/kyleberry/sss/selsocsoc/dataconnect`\n"}}
[debug] [2026-09-27T23:43:54.535Z] E0927 19:43:54.535310   96014 watch.go:40] Failed to load config from "/Users/kyleberry/sss/selsocsoc/dataconnect": could not find dataconnect.yaml in `/Users/kyleberry/sss/selsocsoc/dataconnect`
 {"metadata":{"emulator":{"name":"dataconnect"},"message":"E0927 19:43:54.535310   96014 watch.go:40] Failed to load config from \"/Users/kyleberry/sss/selsocsoc/dataconnect\": could not find dataconnect.yaml in `/Users/kyleberry/sss/selsocsoc/dataconnect`\n"}}
[debug] [2026-09-27T23:44:04.536Z] E0927 19:44:04.535412   96014 watch.go:40] Failed to load config from "/Users/kyleberry/sss/selsocsoc/dataconnect": could not find dataconnect.yaml in `/Users/kyleberry/sss/selsocsoc/dataconnect`
 {"metadata":{"emulator":{"name":"dataconnect"},"message":"E0927 19:44:04.535412   96014 watch.go:40] Failed to load config from \"/Users/kyleberry/sss/selsocsoc/dataconnect\": could not find dataconnect.yaml in `/Users/kyleberry/sss/selsocsoc/dataconnect`\n"}}
[debug] [2026-09-27T23:44:04.539Z] E0927 19:44:04.535319   96014 watch.go:116] watchAllDir unable to walk dir `/Users/kyleberry/sss/selsocsoc/dataconnect`: lstat /Users/kyleberry/sss/selsocsoc/dataconnect: no such file or directory
 {"metadata":{"emulator":{"name":"dataconnect"},"message":"E0927 19:44:04.535319   96014 watch.go:116] watchAllDir unable to walk dir `/Users/kyleberry/sss/selsocsoc/dataconnect`: lstat /Users/kyleberry/sss/selsocsoc/dataconnect: no such file or directory\n"}}
[debug] [2026-09-27T23:44:14.537Z] E0927 19:44:14.536672   96014 watch.go:40] Failed to load config from "/Users/kyleberry/sss/selsocsoc/dataconnect": could not find dataconnect.yaml in `/Users/kyleberry/sss/selsocsoc/dataconnect`
 {"metadata":{"emulator":{"name":"dataconnect"},"message":"E0927 19:44:14.536672   96014 watch.go:40] Failed to load config from \"/Users/kyleberry/sss/selsocsoc/dataconnect\": could not find dataconnect.yaml in `/Users/kyleberry/sss/selsocsoc/dataconnect`\n"}}
[debug] [2026-09-27T23:44:24.587Z] E0927 19:44:24.578612   96014 watch.go:40] Failed to load config from "/Users/kyleberry/sss/selsocsoc/dataconnect": could not find dataconnect.yaml in `/Users/kyleberry/sss/selsocsoc/dataconnect`
 {"metadata":{"emulator":{"name":"dataconnect"},"message":"E0927 19:44:24.578612   96014 watch.go:40] Failed to load config from \"/Users/kyleberry/sss/selsocsoc/dataconnect\": could not find dataconnect.yaml in `/Users/kyleberry/sss/selsocsoc/dataconnect`\n"}}
[debug] [2026-09-27T23:44:34.544Z] E0927 19:44:34.540857   96014 watch.go:40] Failed to load config from "/Users/kyleberry/sss/selsocsoc/dataconnect": could not find dataconnect.yaml in `/Users/kyleberry/sss/selsocsoc/dataconnect`
 {"metadata":{"emulator":{"name":"dataconnect"},"message":"E0927 19:44:34.540857   96014 watch.go:40] Failed to load config from \"/Users/kyleberry/sss/selsocsoc/dataconnect\": could not find dataconnect.yaml in `/Users/kyleberry/sss/selsocsoc/dataconnect`\n"}}
[debug] [2026-09-27T23:44:44.550Z] E0927 19:44:44.549805   96014 watch.go:40] Failed to load config from "/Users/kyleberry/sss/selsocsoc/dataconnect": could not find dataconnect.yaml in `/Users/kyleberry/sss/selsocsoc/dataconnect`
 {"metadata":{"emulator":{"name":"dataconnect"},"message":"E0927 19:44:44.549805   96014 watch.go:40] Failed to load config from \"/Users/kyleberry/sss/selsocsoc/dataconnect\": could not find dataconnect.yaml in `/Users/kyleberry/sss/selsocsoc/dataconnect`\n"}}
[debug] [2026-09-27T23:44:54.535Z] E0927 19:44:54.535385   96014 watch.go:40] Failed to load config from "/Users/kyleberry/sss/selsocsoc/dataconnect": could not find dataconnect.yaml in `/Users/kyleberry/sss/selsocsoc/dataconnect`
 {"metadata":{"emulator":{"name":"dataconnect"},"message":"E0927 19:44:54.535385   96014 watch.go:40] Failed to load config from \"/Users/kyleberry/sss/selsocsoc/dataconnect\": could not find dataconnect.yaml in `/Users/kyleberry/sss/selsocsoc/dataconnect`\n"}}
[debug] [2026-09-27T23:45:04.535Z] E0927 19:45:04.535083   96014 watch.go:40] Failed to load config from "/Users/kyleberry/sss/selsocsoc/dataconnect": could not find dataconnect.yaml in `/Users/kyleberry/sss/selsocsoc/dataconnect`
 {"metadata":{"emulator":{"name":"dataconnect"},"message":"E0927 19:45:04.535083   96014 watch.go:40] Failed to load config from \"/Users/kyleberry/sss/selsocsoc/dataconnect\": could not find dataconnect.yaml in `/Users/kyleberry/sss/selsocsoc/dataconnect`\n"}}
[debug] [2026-09-27T23:45:04.538Z] E0927 19:45:04.534859   96014 watch.go:116] watchAllDir unable to walk dir `/Users/kyleberry/sss/selsocsoc/dataconnect`: lstat /Users/kyleberry/sss/selsocsoc/dataconnect: no such file or directory
 {"metadata":{"emulator":{"name":"dataconnect"},"message":"E0927 19:45:04.534859   96014 watch.go:116] watchAllDir unable to walk dir `/Users/kyleberry/sss/selsocsoc/dataconnect`: lstat /Users/kyleberry/sss/selsocsoc/dataconnect: no such file or directory\n"}}
[debug] [2026-09-27T23:45:14.578Z] E0927 19:45:14.578659   96014 watch.go:40] Failed to load config from "/Users/kyleberry/sss/selsocsoc/dataconnect": could not find dataconnect.yaml in `/Users/kyleberry/sss/selsocsoc/dataconnect`
 {"metadata":{"emulator":{"name":"dataconnect"},"message":"E0927 19:45:14.578659   96014 watch.go:40] Failed to load config from \"/Users/kyleberry/sss/selsocsoc/dataconnect\": could not find dataconnect.yaml in `/Users/kyleberry/sss/selsocsoc/dataconnect`\n"}}
[debug] [2026-09-27T23:45:24.537Z] E0927 19:45:24.535026   96014 watch.go:40] Failed to load config from "/Users/kyleberry/sss/selsocsoc/dataconnect": could not find dataconnect.yaml in `/Users/kyleberry/sss/selsocsoc/dataconnect`
 {"metadata":{"emulator":{"name":"dataconnect"},"message":"E0927 19:45:24.535026   96014 watch.go:40] Failed to load config from \"/Users/kyleberry/sss/selsocsoc/dataconnect\": could not find dataconnect.yaml in `/Users/kyleberry/sss/selsocsoc/dataconnect`\n"}}
[debug] [2026-09-27T23:45:34.534Z] E0927 19:45:34.534738   96014 watch.go:40] Failed to load config from "/Users/kyleberry/sss/selsocsoc/dataconnect": could not find dataconnect.yaml in `/Users/kyleberry/sss/selsocsoc/dataconnect`
 {"metadata":{"emulator":{"name":"dataconnect"},"message":"E0927 19:45:34.534738   96014 watch.go:40] Failed to load config from \"/Users/kyleberry/sss/selsocsoc/dataconnect\": could not find dataconnect.yaml in `/Users/kyleberry/sss/selsocsoc/dataconnect`\n"}}
[debug] [2026-09-27T23:45:44.535Z] E0927 19:45:44.535465   96014 watch.go:40] Failed to load config from "/Users/kyleberry/sss/selsocsoc/dataconnect": could not find dataconnect.yaml in `/Users/kyleberry/sss/selsocsoc/dataconnect`
 {"metadata":{"emulator":{"name":"dataconnect"},"message":"E0927 19:45:44.535465   96014 watch.go:40] Failed to load config from \"/Users/kyleberry/sss/selsocsoc/dataconnect\": could not find dataconnect.yaml in `/Users/kyleberry/sss/selsocsoc/dataconnect`\n"}}
[debug] [2026-09-27T23:45:54.535Z] E0927 19:45:54.535072   96014 watch.go:40] Failed to load config from "/Users/kyleberry/sss/selsocsoc/dataconnect": could not find dataconnect.yaml in `/Users/kyleberry/sss/selsocsoc/dataconnect`
 {"metadata":{"emulator":{"name":"dataconnect"},"message":"E0927 19:45:54.535072   96014 watch.go:40] Failed to load config from \"/Users/kyleberry/sss/selsocsoc/dataconnect\": could not find dataconnect.yaml in `/Users/kyleberry/sss/selsocsoc/dataconnect`\n"}}
[debug] [2026-09-27T23:46:04.534Z] E0927 19:46:04.534755   96014 watch.go:40] Failed to load config from "/Users/kyleberry/sss/selsocsoc/dataconnect": could not find dataconnect.yaml in `/Users/kyleberry/sss/selsocsoc/dataconnect`
E0927 19:46:04.534691   96014 watch.go:116] watchAllDir unable to walk dir `/Users/kyleberry/sss/selsocsoc/dataconnect`: lstat /Users/kyleberry/sss/selsocsoc/dataconnect: no such file or directory
 {"metadata":{"emulator":{"name":"dataconnect"},"message":"E0927 19:46:04.534755   96014 watch.go:40] Failed to load config from \"/Users/kyleberry/sss/selsocsoc/dataconnect\": could not find dataconnect.yaml in `/Users/kyleberry/sss/selsocsoc/dataconnect`\nE0927 19:46:04.534691   96014 watch.go:116] watchAllDir unable to walk dir `/Users/kyleberry/sss/selsocsoc/dataconnect`: lstat /Users/kyleberry/sss/selsocsoc/dataconnect: no such file or directory\n"}}
[debug] [2026-09-27T23:46:14.535Z] E0927 19:46:14.535215   96014 watch.go:40] Failed to load config from "/Users/kyleberry/sss/selsocsoc/dataconnect": could not find dataconnect.yaml in `/Users/kyleberry/sss/selsocsoc/dataconnect`
 {"metadata":{"emulator":{"name":"dataconnect"},"message":"E0927 19:46:14.535215   96014 watch.go:40] Failed to load config from \"/Users/kyleberry/sss/selsocsoc/dataconnect\": could not find dataconnect.yaml in `/Users/kyleberry/sss/selsocsoc/dataconnect`\n"}}
[debug] [2026-09-27T23:46:24.535Z] E0927 19:46:24.535014   96014 watch.go:40] Failed to load config from "/Users/kyleberry/sss/selsocsoc/dataconnect": could not find dataconnect.yaml in `/Users/kyleberry/sss/selsocsoc/dataconnect`
 {"metadata":{"emulator":{"name":"dataconnect"},"message":"E0927 19:46:24.535014   96014 watch.go:40] Failed to load config from \"/Users/kyleberry/sss/selsocsoc/dataconnect\": could not find dataconnect.yaml in `/Users/kyleberry/sss/selsocsoc/dataconnect`\n"}}
[debug] [2026-09-27T23:46:34.534Z] E0927 19:46:34.534114   96014 watch.go:40] Failed to load config from "/Users/kyleberry/sss/selsocsoc/dataconnect": could not find dataconnect.yaml in `/Users/kyleberry/sss/selsocsoc/dataconnect`
 {"metadata":{"emulator":{"name":"dataconnect"},"message":"E0927 19:46:34.534114   96014 watch.go:40] Failed to load config from \"/Users/kyleberry/sss/selsocsoc/dataconnect\": could not find dataconnect.yaml in `/Users/kyleberry/sss/selsocsoc/dataconnect`\n"}}
[debug] [2026-09-27T23:46:44.537Z] E0927 19:46:44.535040   96014 watch.go:40] Failed to load config from "/Users/kyleberry/sss/selsocsoc/dataconnect": could not find dataconnect.yaml in `/Users/kyleberry/sss/selsocsoc/dataconnect`
 {"metadata":{"emulator":{"name":"dataconnect"},"message":"E0927 19:46:44.535040   96014 watch.go:40] Failed to load config from \"/Users/kyleberry/sss/selsocsoc/dataconnect\": could not find dataconnect.yaml in `/Users/kyleberry/sss/selsocsoc/dataconnect`\n"}}
[debug] [2026-09-27T23:46:54.535Z] E0927 19:46:54.534809   96014 watch.go:40] Failed to load config from "/Users/kyleberry/sss/selsocsoc/dataconnect": could not find dataconnect.yaml in `/Users/kyleberry/sss/selsocsoc/dataconnect`
 {"metadata":{"emulator":{"name":"dataconnect"},"message":"E0927 19:46:54.534809   96014 watch.go:40] Failed to load config from \"/Users/kyleberry/sss/selsocsoc/dataconnect\": could not find dataconnect.yaml in `/Users/kyleberry/sss/selsocsoc/dataconnect`\n"}}
[debug] [2026-09-27T23:47:04.534Z] E0927 19:47:04.534577   96014 watch.go:116] watchAllDir unable to walk dir `/Users/kyleberry/sss/selsocsoc/dataconnect`: lstat /Users/kyleberry/sss/selsocsoc/dataconnect: no such file or directory
E0927 19:47:04.534607   96014 watch.go:40] Failed to load config from "/Users/kyleberry/sss/selsocsoc/dataconnect": could not find dataconnect.yaml in `/Users/kyleberry/sss/selsocsoc/dataconnect`
 {"metadata":{"emulator":{"name":"dataconnect"},"message":"E0927 19:47:04.534577   96014 watch.go:116] watchAllDir unable to walk dir `/Users/kyleberry/sss/selsocsoc/dataconnect`: lstat /Users/kyleberry/sss/selsocsoc/dataconnect: no such file or directory\nE0927 19:47:04.534607   96014 watch.go:40] Failed to load config from \"/Users/kyleberry/sss/selsocsoc/dataconnect\": could not find dataconnect.yaml in `/Users/kyleberry/sss/selsocsoc/dataconnect`\n"}}
[debug] [2026-09-27T23:47:14.535Z] E0927 19:47:14.534931   96014 watch.go:40] Failed to load config from "/Users/kyleberry/sss/selsocsoc/dataconnect": could not find dataconnect.yaml in `/Users/kyleberry/sss/selsocsoc/dataconnect`
 {"metadata":{"emulator":{"name":"dataconnect"},"message":"E0927 19:47:14.534931   96014 watch.go:40] Failed to load config from \"/Users/kyleberry/sss/selsocsoc/dataconnect\": could not find dataconnect.yaml in `/Users/kyleberry/sss/selsocsoc/dataconnect`\n"}}
[debug] [2026-09-27T23:47:24.534Z] E0927 19:47:24.534794   96014 watch.go:40] Failed to load config from "/Users/kyleberry/sss/selsocsoc/dataconnect": could not find dataconnect.yaml in `/Users/kyleberry/sss/selsocsoc/dataconnect`
 {"metadata":{"emulator":{"name":"dataconnect"},"message":"E0927 19:47:24.534794   96014 watch.go:40] Failed to load config from \"/Users/kyleberry/sss/selsocsoc/dataconnect\": could not find dataconnect.yaml in `/Users/kyleberry/sss/selsocsoc/dataconnect`\n"}}
[debug] [2026-09-27T23:47:34.534Z] E0927 19:47:34.534268   96014 watch.go:40] Failed to load config from "/Users/kyleberry/sss/selsocsoc/dataconnect": could not find dataconnect.yaml in `/Users/kyleberry/sss/selsocsoc/dataconnect`
 {"metadata":{"emulator":{"name":"dataconnect"},"message":"E0927 19:47:34.534268   96014 watch.go:40] Failed to load config from \"/Users/kyleberry/sss/selsocsoc/dataconnect\": could not find dataconnect.yaml in `/Users/kyleberry/sss/selsocsoc/dataconnect`\n"}}
[debug] [2026-09-27T23:47:44.534Z] E0927 19:47:44.534704   96014 watch.go:40] Failed to load config from "/Users/kyleberry/sss/selsocsoc/dataconnect": could not find dataconnect.yaml in `/Users/kyleberry/sss/selsocsoc/dataconnect`
 {"metadata":{"emulator":{"name":"dataconnect"},"message":"E0927 19:47:44.534704   96014 watch.go:40] Failed to load config from \"/Users/kyleberry/sss/selsocsoc/dataconnect\": could not find dataconnect.yaml in `/Users/kyleberry/sss/selsocsoc/dataconnect`\n"}}
[debug] [2026-09-27T23:47:54.535Z] E0927 19:47:54.534572   96014 watch.go:40] Failed to load config from "/Users/kyleberry/sss/selsocsoc/dataconnect": could not find dataconnect.yaml in `/Users/kyleberry/sss/selsocsoc/dataconnect`
 {"metadata":{"emulator":{"name":"dataconnect"},"message":"E0927 19:47:54.534572   96014 watch.go:40] Failed to load config from \"/Users/kyleberry/sss/selsocsoc/dataconnect\": could not find dataconnect.yaml in `/Users/kyleberry/sss/selsocsoc/dataconnect`\n"}}
[debug] [2026-09-27T23:48:04.534Z] E0927 19:48:04.533958   96014 watch.go:40] Failed to load config from "/Users/kyleberry/sss/selsocsoc/dataconnect": could not find dataconnect.yaml in `/Users/kyleberry/sss/selsocsoc/dataconnect`
E0927 19:48:04.533930   96014 watch.go:116] watchAllDir unable to walk dir `/Users/kyleberry/sss/selsocsoc/dataconnect`: lstat /Users/kyleberry/sss/selsocsoc/dataconnect: no such file or directory
 {"metadata":{"emulator":{"name":"dataconnect"},"message":"E0927 19:48:04.533958   96014 watch.go:40] Failed to load config from \"/Users/kyleberry/sss/selsocsoc/dataconnect\": could not find dataconnect.yaml in `/Users/kyleberry/sss/selsocsoc/dataconnect`\nE0927 19:48:04.533930   96014 watch.go:116] watchAllDir unable to walk dir `/Users/kyleberry/sss/selsocsoc/dataconnect`: lstat /Users/kyleberry/sss/selsocsoc/dataconnect: no such file or directory\n"}}
[debug] [2026-09-27T23:48:14.534Z] E0927 19:48:14.534554   96014 watch.go:40] Failed to load config from "/Users/kyleberry/sss/selsocsoc/dataconnect": could not find dataconnect.yaml in `/Users/kyleberry/sss/selsocsoc/dataconnect`
 {"metadata":{"emulator":{"name":"dataconnect"},"message":"E0927 19:48:14.534554   96014 watch.go:40] Failed to load config from \"/Users/kyleberry/sss/selsocsoc/dataconnect\": could not find dataconnect.yaml in `/Users/kyleberry/sss/selsocsoc/dataconnect`\n"}}
[debug] [2026-09-27T23:48:24.534Z] E0927 19:48:24.534435   96014 watch.go:40] Failed to load config from "/Users/kyleberry/sss/selsocsoc/dataconnect": could not find dataconnect.yaml in `/Users/kyleberry/sss/selsocsoc/dataconnect`
 {"metadata":{"emulator":{"name":"dataconnect"},"message":"E0927 19:48:24.534435   96014 watch.go:40] Failed to load config from \"/Users/kyleberry/sss/selsocsoc/dataconnect\": could not find dataconnect.yaml in `/Users/kyleberry/sss/selsocsoc/dataconnect`\n"}}
[debug] [2026-09-27T23:48:34.537Z] E0927 19:48:34.537628   96014 watch.go:40] Failed to load config from "/Users/kyleberry/sss/selsocsoc/dataconnect": could not find dataconnect.yaml in `/Users/kyleberry/sss/selsocsoc/dataconnect`
 {"metadata":{"emulator":{"name":"dataconnect"},"message":"E0927 19:48:34.537628   96014 watch.go:40] Failed to load config from \"/Users/kyleberry/sss/selsocsoc/dataconnect\": could not find dataconnect.yaml in `/Users/kyleberry/sss/selsocsoc/dataconnect`\n"}}
[debug] [2026-09-27T23:48:44.534Z] E0927 19:48:44.534354   96014 watch.go:40] Failed to load config from "/Users/kyleberry/sss/selsocsoc/dataconnect": could not find dataconnect.yaml in `/Users/kyleberry/sss/selsocsoc/dataconnect`
 {"metadata":{"emulator":{"name":"dataconnect"},"message":"E0927 19:48:44.534354   96014 watch.go:40] Failed to load config from \"/Users/kyleberry/sss/selsocsoc/dataconnect\": could not find dataconnect.yaml in `/Users/kyleberry/sss/selsocsoc/dataconnect`\n"}}
[debug] [2026-09-27T23:48:54.534Z] E0927 19:48:54.534317   96014 watch.go:40] Failed to load config from "/Users/kyleberry/sss/selsocsoc/dataconnect": could not find dataconnect.yaml in `/Users/kyleberry/sss/selsocsoc/dataconnect`
 {"metadata":{"emulator":{"name":"dataconnect"},"message":"E0927 19:48:54.534317   96014 watch.go:40] Failed to load config from \"/Users/kyleberry/sss/selsocsoc/dataconnect\": could not find dataconnect.yaml in `/Users/kyleberry/sss/selsocsoc/dataconnect`\n"}}
[debug] [2026-09-27T23:49:04.534Z] E0927 19:49:04.534175   96014 watch.go:40] Failed to load config from "/Users/kyleberry/sss/selsocsoc/dataconnect": could not find dataconnect.yaml in `/Users/kyleberry/sss/selsocsoc/dataconnect`
 {"metadata":{"emulator":{"name":"dataconnect"},"message":"E0927 19:49:04.534175   96014 watch.go:40] Failed to load config from \"/Users/kyleberry/sss/selsocsoc/dataconnect\": could not find dataconnect.yaml in `/Users/kyleberry/sss/selsocsoc/dataconnect`\n"}}
[debug] [2026-09-27T23:49:04.536Z] E0927 19:49:04.534467   96014 watch.go:116] watchAllDir unable to walk dir `/Users/kyleberry/sss/selsocsoc/dataconnect`: lstat /Users/kyleberry/sss/selsocsoc/dataconnect: no such file or directory
 {"metadata":{"emulator":{"name":"dataconnect"},"message":"E0927 19:49:04.534467   96014 watch.go:116] watchAllDir unable to walk dir `/Users/kyleberry/sss/selsocsoc/dataconnect`: lstat /Users/kyleberry/sss/selsocsoc/dataconnect: no such file or directory\n"}}
[debug] [2026-09-27T23:49:14.534Z] E0927 19:49:14.534246   96014 watch.go:40] Failed to load config from "/Users/kyleberry/sss/selsocsoc/dataconnect": could not find dataconnect.yaml in `/Users/kyleberry/sss/selsocsoc/dataconnect`
 {"metadata":{"emulator":{"name":"dataconnect"},"message":"E0927 19:49:14.534246   96014 watch.go:40] Failed to load config from \"/Users/kyleberry/sss/selsocsoc/dataconnect\": could not find dataconnect.yaml in `/Users/kyleberry/sss/selsocsoc/dataconnect`\n"}}
[debug] [2026-09-27T23:49:24.534Z] E0927 19:49:24.534383   96014 watch.go:40] Failed to load config from "/Users/kyleberry/sss/selsocsoc/dataconnect": could not find dataconnect.yaml in `/Users/kyleberry/sss/selsocsoc/dataconnect`
 {"metadata":{"emulator":{"name":"dataconnect"},"message":"E0927 19:49:24.534383   96014 watch.go:40] Failed to load config from \"/Users/kyleberry/sss/selsocsoc/dataconnect\": could not find dataconnect.yaml in `/Users/kyleberry/sss/selsocsoc/dataconnect`\n"}}
[debug] [2026-09-27T23:49:34.534Z] E0927 19:49:34.533946   96014 watch.go:40] Failed to load config from "/Users/kyleberry/sss/selsocsoc/dataconnect": could not find dataconnect.yaml in `/Users/kyleberry/sss/selsocsoc/dataconnect`
 {"metadata":{"emulator":{"name":"dataconnect"},"message":"E0927 19:49:34.533946   96014 watch.go:40] Failed to load config from \"/Users/kyleberry/sss/selsocsoc/dataconnect\": could not find dataconnect.yaml in `/Users/kyleberry/sss/selsocsoc/dataconnect`\n"}}
[debug] [2026-09-27T23:49:44.534Z] E0927 19:49:44.534282   96014 watch.go:40] Failed to load config from "/Users/kyleberry/sss/selsocsoc/dataconnect": could not find dataconnect.yaml in `/Users/kyleberry/sss/selsocsoc/dataconnect`
 {"metadata":{"emulator":{"name":"dataconnect"},"message":"E0927 19:49:44.534282   96014 watch.go:40] Failed to load config from \"/Users/kyleberry/sss/selsocsoc/dataconnect\": could not find dataconnect.yaml in `/Users/kyleberry/sss/selsocsoc/dataconnect`\n"}}
[debug] [2026-09-27T23:49:54.536Z] E0927 19:49:54.535930   96014 watch.go:40] Failed to load config from "/Users/kyleberry/sss/selsocsoc/dataconnect": could not find dataconnect.yaml in `/Users/kyleberry/sss/selsocsoc/dataconnect`
 {"metadata":{"emulator":{"name":"dataconnect"},"message":"E0927 19:49:54.535930   96014 watch.go:40] Failed to load config from \"/Users/kyleberry/sss/selsocsoc/dataconnect\": could not find dataconnect.yaml in `/Users/kyleberry/sss/selsocsoc/dataconnect`\n"}}
[debug] [2026-09-27T23:50:04.534Z] E0927 19:50:04.534182   96014 watch.go:40] Failed to load config from "/Users/kyleberry/sss/selsocsoc/dataconnect": could not find dataconnect.yaml in `/Users/kyleberry/sss/selsocsoc/dataconnect`
 {"metadata":{"emulator":{"name":"dataconnect"},"message":"E0927 19:50:04.534182   96014 watch.go:40] Failed to load config from \"/Users/kyleberry/sss/selsocsoc/dataconnect\": could not find dataconnect.yaml in `/Users/kyleberry/sss/selsocsoc/dataconnect`\n"}}
[debug] [2026-09-27T23:50:04.535Z] E0927 19:50:04.534092   96014 watch.go:116] watchAllDir unable to walk dir `/Users/kyleberry/sss/selsocsoc/dataconnect`: lstat /Users/kyleberry/sss/selsocsoc/dataconnect: no such file or directory
 {"metadata":{"emulator":{"name":"dataconnect"},"message":"E0927 19:50:04.534092   96014 watch.go:116] watchAllDir unable to walk dir `/Users/kyleberry/sss/selsocsoc/dataconnect`: lstat /Users/kyleberry/sss/selsocsoc/dataconnect: no such file or directory\n"}}
[debug] [2026-09-27T23:50:14.535Z] E0927 19:50:14.534138   96014 watch.go:40] Failed to load config from "/Users/kyleberry/sss/selsocsoc/dataconnect": could not find dataconnect.yaml in `/Users/kyleberry/sss/selsocsoc/dataconnect`
 {"metadata":{"emulator":{"name":"dataconnect"},"message":"E0927 19:50:14.534138   96014 watch.go:40] Failed to load config from \"/Users/kyleberry/sss/selsocsoc/dataconnect\": could not find dataconnect.yaml in `/Users/kyleberry/sss/selsocsoc/dataconnect`\n"}}
[debug] [2026-09-27T23:50:24.534Z] E0927 19:50:24.534044   96014 watch.go:40] Failed to load config from "/Users/kyleberry/sss/selsocsoc/dataconnect": could not find dataconnect.yaml in `/Users/kyleberry/sss/selsocsoc/dataconnect`
 {"metadata":{"emulator":{"name":"dataconnect"},"message":"E0927 19:50:24.534044   96014 watch.go:40] Failed to load config from \"/Users/kyleberry/sss/selsocsoc/dataconnect\": could not find dataconnect.yaml in `/Users/kyleberry/sss/selsocsoc/dataconnect`\n"}}
[debug] [2026-09-27T23:50:34.534Z] E0927 19:50:34.533824   96014 watch.go:40] Failed to load config from "/Users/kyleberry/sss/selsocsoc/dataconnect": could not find dataconnect.yaml in `/Users/kyleberry/sss/selsocsoc/dataconnect`
 {"metadata":{"emulator":{"name":"dataconnect"},"message":"E0927 19:50:34.533824   96014 watch.go:40] Failed to load config from \"/Users/kyleberry/sss/selsocsoc/dataconnect\": could not find dataconnect.yaml in `/Users/kyleberry/sss/selsocsoc/dataconnect`\n"}}
[debug] [2026-09-27T23:50:44.536Z] E0927 19:50:44.535829   96014 watch.go:40] Failed to load config from "/Users/kyleberry/sss/selsocsoc/dataconnect": could not find dataconnect.yaml in `/Users/kyleberry/sss/selsocsoc/dataconnect`
 {"metadata":{"emulator":{"name":"dataconnect"},"message":"E0927 19:50:44.535829   96014 watch.go:40] Failed to load config from \"/Users/kyleberry/sss/selsocsoc/dataconnect\": could not find dataconnect.yaml in `/Users/kyleberry/sss/selsocsoc/dataconnect`\n"}}
[debug] [2026-09-27T23:50:54.536Z] E0927 19:50:54.534292   96014 watch.go:40] Failed to load config from "/Users/kyleberry/sss/selsocsoc/dataconnect": could not find dataconnect.yaml in `/Users/kyleberry/sss/selsocsoc/dataconnect`
 {"metadata":{"emulator":{"name":"dataconnect"},"message":"E0927 19:50:54.534292   96014 watch.go:40] Failed to load config from \"/Users/kyleberry/sss/selsocsoc/dataconnect\": could not find dataconnect.yaml in `/Users/kyleberry/sss/selsocsoc/dataconnect`\n"}}
[debug] [2026-09-27T23:51:04.534Z] E0927 19:51:04.533864   96014 watch.go:40] Failed to load config from "/Users/kyleberry/sss/selsocsoc/dataconnect": could not find dataconnect.yaml in `/Users/kyleberry/sss/selsocsoc/dataconnect`
 {"metadata":{"emulator":{"name":"dataconnect"},"message":"E0927 19:51:04.533864   96014 watch.go:40] Failed to load config from \"/Users/kyleberry/sss/selsocsoc/dataconnect\": could not find dataconnect.yaml in `/Users/kyleberry/sss/selsocsoc/dataconnect`\n"}}
[debug] [2026-09-27T23:51:04.536Z] E0927 19:51:04.533832   96014 watch.go:116] watchAllDir unable to walk dir `/Users/kyleberry/sss/selsocsoc/dataconnect`: lstat /Users/kyleberry/sss/selsocsoc/dataconnect: no such file or directory
 {"metadata":{"emulator":{"name":"dataconnect"},"message":"E0927 19:51:04.533832   96014 watch.go:116] watchAllDir unable to walk dir `/Users/kyleberry/sss/selsocsoc/dataconnect`: lstat /Users/kyleberry/sss/selsocsoc/dataconnect: no such file or directory\n"}}
[debug] [2026-09-27T23:51:14.534Z] E0927 19:51:14.534356   96014 watch.go:40] Failed to load config from "/Users/kyleberry/sss/selsocsoc/dataconnect": could not find dataconnect.yaml in `/Users/kyleberry/sss/selsocsoc/dataconnect`
 {"metadata":{"emulator":{"name":"dataconnect"},"message":"E0927 19:51:14.534356   96014 watch.go:40] Failed to load config from \"/Users/kyleberry/sss/selsocsoc/dataconnect\": could not find dataconnect.yaml in `/Users/kyleberry/sss/selsocsoc/dataconnect`\n"}}
[debug] [2026-09-27T23:51:24.534Z] E0927 19:51:24.533938   96014 watch.go:40] Failed to load config from "/Users/kyleberry/sss/selsocsoc/dataconnect": could not find dataconnect.yaml in `/Users/kyleberry/sss/selsocsoc/dataconnect`
 {"metadata":{"emulator":{"name":"dataconnect"},"message":"E0927 19:51:24.533938   96014 watch.go:40] Failed to load config from \"/Users/kyleberry/sss/selsocsoc/dataconnect\": could not find dataconnect.yaml in `/Users/kyleberry/sss/selsocsoc/dataconnect`\n"}}
[debug] [2026-09-27T23:51:34.535Z] E0927 19:51:34.533554   96014 watch.go:40] Failed to load config from "/Users/kyleberry/sss/selsocsoc/dataconnect": could not find dataconnect.yaml in `/Users/kyleberry/sss/selsocsoc/dataconnect`
 {"metadata":{"emulator":{"name":"dataconnect"},"message":"E0927 19:51:34.533554   96014 watch.go:40] Failed to load config from \"/Users/kyleberry/sss/selsocsoc/dataconnect\": could not find dataconnect.yaml in `/Users/kyleberry/sss/selsocsoc/dataconnect`\n"}}
[debug] [2026-09-27T23:51:44.535Z] E0927 19:51:44.534884   96014 watch.go:40] Failed to load config from "/Users/kyleberry/sss/selsocsoc/dataconnect": could not find dataconnect.yaml in `/Users/kyleberry/sss/selsocsoc/dataconnect`
 {"metadata":{"emulator":{"name":"dataconnect"},"message":"E0927 19:51:44.534884   96014 watch.go:40] Failed to load config from \"/Users/kyleberry/sss/selsocsoc/dataconnect\": could not find dataconnect.yaml in `/Users/kyleberry/sss/selsocsoc/dataconnect`\n"}}
[debug] [2026-09-27T23:51:54.534Z] E0927 19:51:54.533941   96014 watch.go:40] Failed to load config from "/Users/kyleberry/sss/selsocsoc/dataconnect": could not find dataconnect.yaml in `/Users/kyleberry/sss/selsocsoc/dataconnect`
 {"metadata":{"emulator":{"name":"dataconnect"},"message":"E0927 19:51:54.533941   96014 watch.go:40] Failed to load config from \"/Users/kyleberry/sss/selsocsoc/dataconnect\": could not find dataconnect.yaml in `/Users/kyleberry/sss/selsocsoc/dataconnect`\n"}}
[debug] [2026-09-27T23:52:04.534Z] E0927 19:52:04.533553   96014 watch.go:116] watchAllDir unable to walk dir `/Users/kyleberry/sss/selsocsoc/dataconnect`: lstat /Users/kyleberry/sss/selsocsoc/dataconnect: no such file or directory
E0927 19:52:04.533612   96014 watch.go:40] Failed to load config from "/Users/kyleberry/sss/selsocsoc/dataconnect": could not find dataconnect.yaml in `/Users/kyleberry/sss/selsocsoc/dataconnect`
 {"metadata":{"emulator":{"name":"dataconnect"},"message":"E0927 19:52:04.533553   96014 watch.go:116] watchAllDir unable to walk dir `/Users/kyleberry/sss/selsocsoc/dataconnect`: lstat /Users/kyleberry/sss/selsocsoc/dataconnect: no such file or directory\nE0927 19:52:04.533612   96014 watch.go:40] Failed to load config from \"/Users/kyleberry/sss/selsocsoc/dataconnect\": could not find dataconnect.yaml in `/Users/kyleberry/sss/selsocsoc/dataconnect`\n"}}
[debug] [2026-09-27T23:52:14.535Z] E0927 19:52:14.534723   96014 watch.go:40] Failed to load config from "/Users/kyleberry/sss/selsocsoc/dataconnect": could not find dataconnect.yaml in `/Users/kyleberry/sss/selsocsoc/dataconnect`
 {"metadata":{"emulator":{"name":"dataconnect"},"message":"E0927 19:52:14.534723   96014 watch.go:40] Failed to load config from \"/Users/kyleberry/sss/selsocsoc/dataconnect\": could not find dataconnect.yaml in `/Users/kyleberry/sss/selsocsoc/dataconnect`\n"}}
[debug] [2026-09-27T23:52:24.534Z] E0927 19:52:24.533947   96014 watch.go:40] Failed to load config from "/Users/kyleberry/sss/selsocsoc/dataconnect": could not find dataconnect.yaml in `/Users/kyleberry/sss/selsocsoc/dataconnect`
 {"metadata":{"emulator":{"name":"dataconnect"},"message":"E0927 19:52:24.533947   96014 watch.go:40] Failed to load config from \"/Users/kyleberry/sss/selsocsoc/dataconnect\": could not find dataconnect.yaml in `/Users/kyleberry/sss/selsocsoc/dataconnect`\n"}}
[debug] [2026-09-27T23:52:34.532Z] E0927 19:52:34.532050   96014 watch.go:40] Failed to load config from "/Users/kyleberry/sss/selsocsoc/dataconnect": could not find dataconnect.yaml in `/Users/kyleberry/sss/selsocsoc/dataconnect`
 {"metadata":{"emulator":{"name":"dataconnect"},"message":"E0927 19:52:34.532050   96014 watch.go:40] Failed to load config from \"/Users/kyleberry/sss/selsocsoc/dataconnect\": could not find dataconnect.yaml in `/Users/kyleberry/sss/selsocsoc/dataconnect`\n"}}
[debug] [2026-09-27T23:52:44.530Z] E0927 19:52:44.530164   96014 watch.go:40] Failed to load config from "/Users/kyleberry/sss/selsocsoc/dataconnect": could not find dataconnect.yaml in `/Users/kyleberry/sss/selsocsoc/dataconnect`
 {"metadata":{"emulator":{"name":"dataconnect"},"message":"E0927 19:52:44.530164   96014 watch.go:40] Failed to load config from \"/Users/kyleberry/sss/selsocsoc/dataconnect\": could not find dataconnect.yaml in `/Users/kyleberry/sss/selsocsoc/dataconnect`\n"}}
[debug] [2026-09-27T23:52:54.530Z] E0927 19:52:54.529865   96014 watch.go:40] Failed to load config from "/Users/kyleberry/sss/selsocsoc/dataconnect": could not find dataconnect.yaml in `/Users/kyleberry/sss/selsocsoc/dataconnect`
 {"metadata":{"emulator":{"name":"dataconnect"},"message":"E0927 19:52:54.529865   96014 watch.go:40] Failed to load config from \"/Users/kyleberry/sss/selsocsoc/dataconnect\": could not find dataconnect.yaml in `/Users/kyleberry/sss/selsocsoc/dataconnect`\n"}}
[debug] [2026-09-27T23:53:04.529Z] E0927 19:53:04.527410   96014 watch.go:40] Failed to load config from "/Users/kyleberry/sss/selsocsoc/dataconnect": could not find dataconnect.yaml in `/Users/kyleberry/sss/selsocsoc/dataconnect`
 {"metadata":{"emulator":{"name":"dataconnect"},"message":"E0927 19:53:04.527410   96014 watch.go:40] Failed to load config from \"/Users/kyleberry/sss/selsocsoc/dataconnect\": could not find dataconnect.yaml in `/Users/kyleberry/sss/selsocsoc/dataconnect`\n"}}
[debug] [2026-09-27T23:53:04.530Z] E0927 19:53:04.527382   96014 watch.go:116] watchAllDir unable to walk dir `/Users/kyleberry/sss/selsocsoc/dataconnect`: lstat /Users/kyleberry/sss/selsocsoc/dataconnect: no such file or directory
 {"metadata":{"emulator":{"name":"dataconnect"},"message":"E0927 19:53:04.527382   96014 watch.go:116] watchAllDir unable to walk dir `/Users/kyleberry/sss/selsocsoc/dataconnect`: lstat /Users/kyleberry/sss/selsocsoc/dataconnect: no such file or directory\n"}}
[debug] [2026-09-27T23:53:14.527Z] E0927 19:53:14.527720   96014 watch.go:40] Failed to load config from "/Users/kyleberry/sss/selsocsoc/dataconnect": could not find dataconnect.yaml in `/Users/kyleberry/sss/selsocsoc/dataconnect`
 {"metadata":{"emulator":{"name":"dataconnect"},"message":"E0927 19:53:14.527720   96014 watch.go:40] Failed to load config from \"/Users/kyleberry/sss/selsocsoc/dataconnect\": could not find dataconnect.yaml in `/Users/kyleberry/sss/selsocsoc/dataconnect`\n"}}
[debug] [2026-09-27T23:53:24.527Z] E0927 19:53:24.527443   96014 watch.go:40] Failed to load config from "/Users/kyleberry/sss/selsocsoc/dataconnect": could not find dataconnect.yaml in `/Users/kyleberry/sss/selsocsoc/dataconnect`
 {"metadata":{"emulator":{"name":"dataconnect"},"message":"E0927 19:53:24.527443   96014 watch.go:40] Failed to load config from \"/Users/kyleberry/sss/selsocsoc/dataconnect\": could not find dataconnect.yaml in `/Users/kyleberry/sss/selsocsoc/dataconnect`\n"}}
[debug] [2026-09-27T23:53:34.528Z] E0927 19:53:34.527870   96014 watch.go:40] Failed to load config from "/Users/kyleberry/sss/selsocsoc/dataconnect": could not find dataconnect.yaml in `/Users/kyleberry/sss/selsocsoc/dataconnect`
 {"metadata":{"emulator":{"name":"dataconnect"},"message":"E0927 19:53:34.527870   96014 watch.go:40] Failed to load config from \"/Users/kyleberry/sss/selsocsoc/dataconnect\": could not find dataconnect.yaml in `/Users/kyleberry/sss/selsocsoc/dataconnect`\n"}}
[debug] [2026-09-27T23:53:44.527Z] E0927 19:53:44.527246   96014 watch.go:40] Failed to load config from "/Users/kyleberry/sss/selsocsoc/dataconnect": could not find dataconnect.yaml in `/Users/kyleberry/sss/selsocsoc/dataconnect`
 {"metadata":{"emulator":{"name":"dataconnect"},"message":"E0927 19:53:44.527246   96014 watch.go:40] Failed to load config from \"/Users/kyleberry/sss/selsocsoc/dataconnect\": could not find dataconnect.yaml in `/Users/kyleberry/sss/selsocsoc/dataconnect`\n"}}
[debug] [2026-09-27T23:53:54.527Z] E0927 19:53:54.527141   96014 watch.go:40] Failed to load config from "/Users/kyleberry/sss/selsocsoc/dataconnect": could not find dataconnect.yaml in `/Users/kyleberry/sss/selsocsoc/dataconnect`
 {"metadata":{"emulator":{"name":"dataconnect"},"message":"E0927 19:53:54.527141   96014 watch.go:40] Failed to load config from \"/Users/kyleberry/sss/selsocsoc/dataconnect\": could not find dataconnect.yaml in `/Users/kyleberry/sss/selsocsoc/dataconnect`\n"}}
[debug] [2026-09-27T23:54:04.527Z] E0927 19:54:04.526841   96014 watch.go:40] Failed to load config from "/Users/kyleberry/sss/selsocsoc/dataconnect": could not find dataconnect.yaml in `/Users/kyleberry/sss/selsocsoc/dataconnect`
E0927 19:54:04.526812   96014 watch.go:116] watchAllDir unable to walk dir `/Users/kyleberry/sss/selsocsoc/dataconnect`: lstat /Users/kyleberry/sss/selsocsoc/dataconnect: no such file or directory
 {"metadata":{"emulator":{"name":"dataconnect"},"message":"E0927 19:54:04.526841   96014 watch.go:40] Failed to load config from \"/Users/kyleberry/sss/selsocsoc/dataconnect\": could not find dataconnect.yaml in `/Users/kyleberry/sss/selsocsoc/dataconnect`\nE0927 19:54:04.526812   96014 watch.go:116] watchAllDir unable to walk dir `/Users/kyleberry/sss/selsocsoc/dataconnect`: lstat /Users/kyleberry/sss/selsocsoc/dataconnect: no such file or directory\n"}}
[debug] [2026-09-27T23:54:14.526Z] E0927 19:54:14.526608   96014 watch.go:40] Failed to load config from "/Users/kyleberry/sss/selsocsoc/dataconnect": could not find dataconnect.yaml in `/Users/kyleberry/sss/selsocsoc/dataconnect`
 {"metadata":{"emulator":{"name":"dataconnect"},"message":"E0927 19:54:14.526608   96014 watch.go:40] Failed to load config from \"/Users/kyleberry/sss/selsocsoc/dataconnect\": could not find dataconnect.yaml in `/Users/kyleberry/sss/selsocsoc/dataconnect`\n"}}
[debug] [2026-09-27T23:54:24.527Z] E0927 19:54:24.526976   96014 watch.go:40] Failed to load config from "/Users/kyleberry/sss/selsocsoc/dataconnect": could not find dataconnect.yaml in `/Users/kyleberry/sss/selsocsoc/dataconnect`
 {"metadata":{"emulator":{"name":"dataconnect"},"message":"E0927 19:54:24.526976   96014 watch.go:40] Failed to load config from \"/Users/kyleberry/sss/selsocsoc/dataconnect\": could not find dataconnect.yaml in `/Users/kyleberry/sss/selsocsoc/dataconnect`\n"}}
[debug] [2026-09-27T23:54:34.526Z] E0927 19:54:34.526529   96014 watch.go:40] Failed to load config from "/Users/kyleberry/sss/selsocsoc/dataconnect": could not find dataconnect.yaml in `/Users/kyleberry/sss/selsocsoc/dataconnect`
 {"metadata":{"emulator":{"name":"dataconnect"},"message":"E0927 19:54:34.526529   96014 watch.go:40] Failed to load config from \"/Users/kyleberry/sss/selsocsoc/dataconnect\": could not find dataconnect.yaml in `/Users/kyleberry/sss/selsocsoc/dataconnect`\n"}}
[debug] [2026-09-27T23:54:44.527Z] E0927 19:54:44.526914   96014 watch.go:40] Failed to load config from "/Users/kyleberry/sss/selsocsoc/dataconnect": could not find dataconnect.yaml in `/Users/kyleberry/sss/selsocsoc/dataconnect`
 {"metadata":{"emulator":{"name":"dataconnect"},"message":"E0927 19:54:44.526914   96014 watch.go:40] Failed to load config from \"/Users/kyleberry/sss/selsocsoc/dataconnect\": could not find dataconnect.yaml in `/Users/kyleberry/sss/selsocsoc/dataconnect`\n"}}
[debug] [2026-09-27T23:54:54.527Z] E0927 19:54:54.526862   96014 watch.go:40] Failed to load config from "/Users/kyleberry/sss/selsocsoc/dataconnect": could not find dataconnect.yaml in `/Users/kyleberry/sss/selsocsoc/dataconnect`
 {"metadata":{"emulator":{"name":"dataconnect"},"message":"E0927 19:54:54.526862   96014 watch.go:40] Failed to load config from \"/Users/kyleberry/sss/selsocsoc/dataconnect\": could not find dataconnect.yaml in `/Users/kyleberry/sss/selsocsoc/dataconnect`\n"}}
[debug] [2026-09-27T23:55:04.526Z] E0927 19:55:04.526600   96014 watch.go:40] Failed to load config from "/Users/kyleberry/sss/selsocsoc/dataconnect": could not find dataconnect.yaml in `/Users/kyleberry/sss/selsocsoc/dataconnect`
 {"metadata":{"emulator":{"name":"dataconnect"},"message":"E0927 19:55:04.526600   96014 watch.go:40] Failed to load config from \"/Users/kyleberry/sss/selsocsoc/dataconnect\": could not find dataconnect.yaml in `/Users/kyleberry/sss/selsocsoc/dataconnect`\n"}}
[debug] [2026-09-27T23:55:04.528Z] E0927 19:55:04.526550   96014 watch.go:116] watchAllDir unable to walk dir `/Users/kyleberry/sss/selsocsoc/dataconnect`: lstat /Users/kyleberry/sss/selsocsoc/dataconnect: no such file or directory
 {"metadata":{"emulator":{"name":"dataconnect"},"message":"E0927 19:55:04.526550   96014 watch.go:116] watchAllDir unable to walk dir `/Users/kyleberry/sss/selsocsoc/dataconnect`: lstat /Users/kyleberry/sss/selsocsoc/dataconnect: no such file or directory\n"}}
[debug] [2026-09-27T23:55:14.526Z] E0927 19:55:14.526753   96014 watch.go:40] Failed to load config from "/Users/kyleberry/sss/selsocsoc/dataconnect": could not find dataconnect.yaml in `/Users/kyleberry/sss/selsocsoc/dataconnect`
 {"metadata":{"emulator":{"name":"dataconnect"},"message":"E0927 19:55:14.526753   96014 watch.go:40] Failed to load config from \"/Users/kyleberry/sss/selsocsoc/dataconnect\": could not find dataconnect.yaml in `/Users/kyleberry/sss/selsocsoc/dataconnect`\n"}}
[debug] [2026-09-27T23:55:24.526Z] E0927 19:55:24.526742   96014 watch.go:40] Failed to load config from "/Users/kyleberry/sss/selsocsoc/dataconnect": could not find dataconnect.yaml in `/Users/kyleberry/sss/selsocsoc/dataconnect`
 {"metadata":{"emulator":{"name":"dataconnect"},"message":"E0927 19:55:24.526742   96014 watch.go:40] Failed to load config from \"/Users/kyleberry/sss/selsocsoc/dataconnect\": could not find dataconnect.yaml in `/Users/kyleberry/sss/selsocsoc/dataconnect`\n"}}
[debug] [2026-09-27T23:55:34.527Z] E0927 19:55:34.527853   96014 watch.go:40] Failed to load config from "/Users/kyleberry/sss/selsocsoc/dataconnect": could not find dataconnect.yaml in `/Users/kyleberry/sss/selsocsoc/dataconnect`
 {"metadata":{"emulator":{"name":"dataconnect"},"message":"E0927 19:55:34.527853   96014 watch.go:40] Failed to load config from \"/Users/kyleberry/sss/selsocsoc/dataconnect\": could not find dataconnect.yaml in `/Users/kyleberry/sss/selsocsoc/dataconnect`\n"}}
[debug] [2026-09-27T23:55:44.527Z] E0927 19:55:44.526794   96014 watch.go:40] Failed to load config from "/Users/kyleberry/sss/selsocsoc/dataconnect": could not find dataconnect.yaml in `/Users/kyleberry/sss/selsocsoc/dataconnect`
 {"metadata":{"emulator":{"name":"dataconnect"},"message":"E0927 19:55:44.526794   96014 watch.go:40] Failed to load config from \"/Users/kyleberry/sss/selsocsoc/dataconnect\": could not find dataconnect.yaml in `/Users/kyleberry/sss/selsocsoc/dataconnect`\n"}}
[debug] [2026-09-27T23:55:54.526Z] E0927 19:55:54.526644   96014 watch.go:40] Failed to load config from "/Users/kyleberry/sss/selsocsoc/dataconnect": could not find dataconnect.yaml in `/Users/kyleberry/sss/selsocsoc/dataconnect`
 {"metadata":{"emulator":{"name":"dataconnect"},"message":"E0927 19:55:54.526644   96014 watch.go:40] Failed to load config from \"/Users/kyleberry/sss/selsocsoc/dataconnect\": could not find dataconnect.yaml in `/Users/kyleberry/sss/selsocsoc/dataconnect`\n"}}
[debug] [2026-09-27T23:56:04.526Z] E0927 19:56:04.526207   96014 watch.go:116] watchAllDir unable to walk dir `/Users/kyleberry/sss/selsocsoc/dataconnect`: lstat /Users/kyleberry/sss/selsocsoc/dataconnect: no such file or directory
E0927 19:56:04.526246   96014 watch.go:40] Failed to load config from "/Users/kyleberry/sss/selsocsoc/dataconnect": could not find dataconnect.yaml in `/Users/kyleberry/sss/selsocsoc/dataconnect`
 {"metadata":{"emulator":{"name":"dataconnect"},"message":"E0927 19:56:04.526207   96014 watch.go:116] watchAllDir unable to walk dir `/Users/kyleberry/sss/selsocsoc/dataconnect`: lstat /Users/kyleberry/sss/selsocsoc/dataconnect: no such file or directory\nE0927 19:56:04.526246   96014 watch.go:40] Failed to load config from \"/Users/kyleberry/sss/selsocsoc/dataconnect\": could not find dataconnect.yaml in `/Users/kyleberry/sss/selsocsoc/dataconnect`\n"}}
[debug] [2026-09-27T23:56:14.526Z] E0927 19:56:14.526466   96014 watch.go:40] Failed to load config from "/Users/kyleberry/sss/selsocsoc/dataconnect": could not find dataconnect.yaml in `/Users/kyleberry/sss/selsocsoc/dataconnect`
 {"metadata":{"emulator":{"name":"dataconnect"},"message":"E0927 19:56:14.526466   96014 watch.go:40] Failed to load config from \"/Users/kyleberry/sss/selsocsoc/dataconnect\": could not find dataconnect.yaml in `/Users/kyleberry/sss/selsocsoc/dataconnect`\n"}}
[debug] [2026-09-27T23:56:24.526Z] E0927 19:56:24.526467   96014 watch.go:40] Failed to load config from "/Users/kyleberry/sss/selsocsoc/dataconnect": could not find dataconnect.yaml in `/Users/kyleberry/sss/selsocsoc/dataconnect`
 {"metadata":{"emulator":{"name":"dataconnect"},"message":"E0927 19:56:24.526467   96014 watch.go:40] Failed to load config from \"/Users/kyleberry/sss/selsocsoc/dataconnect\": could not find dataconnect.yaml in `/Users/kyleberry/sss/selsocsoc/dataconnect`\n"}}
[debug] [2026-09-27T23:56:34.526Z] E0927 19:56:34.526100   96014 watch.go:40] Failed to load config from "/Users/kyleberry/sss/selsocsoc/dataconnect": could not find dataconnect.yaml in `/Users/kyleberry/sss/selsocsoc/dataconnect`
 {"metadata":{"emulator":{"name":"dataconnect"},"message":"E0927 19:56:34.526100   96014 watch.go:40] Failed to load config from \"/Users/kyleberry/sss/selsocsoc/dataconnect\": could not find dataconnect.yaml in `/Users/kyleberry/sss/selsocsoc/dataconnect`\n"}}
[debug] [2026-09-27T23:56:44.527Z] E0927 19:56:44.527083   96014 watch.go:40] Failed to load config from "/Users/kyleberry/sss/selsocsoc/dataconnect": could not find dataconnect.yaml in `/Users/kyleberry/sss/selsocsoc/dataconnect`
 {"metadata":{"emulator":{"name":"dataconnect"},"message":"E0927 19:56:44.527083   96014 watch.go:40] Failed to load config from \"/Users/kyleberry/sss/selsocsoc/dataconnect\": could not find dataconnect.yaml in `/Users/kyleberry/sss/selsocsoc/dataconnect`\n"}}
[debug] [2026-09-27T23:56:54.526Z] E0927 19:56:54.526258   96014 watch.go:40] Failed to load config from "/Users/kyleberry/sss/selsocsoc/dataconnect": could not find dataconnect.yaml in `/Users/kyleberry/sss/selsocsoc/dataconnect`
 {"metadata":{"emulator":{"name":"dataconnect"},"message":"E0927 19:56:54.526258   96014 watch.go:40] Failed to load config from \"/Users/kyleberry/sss/selsocsoc/dataconnect\": could not find dataconnect.yaml in `/Users/kyleberry/sss/selsocsoc/dataconnect`\n"}}
[debug] [2026-09-27T23:57:04.526Z] E0927 19:57:04.525936   96014 watch.go:116] watchAllDir unable to walk dir `/Users/kyleberry/sss/selsocsoc/dataconnect`: lstat /Users/kyleberry/sss/selsocsoc/dataconnect: no such file or directory
 {"metadata":{"emulator":{"name":"dataconnect"},"message":"E0927 19:57:04.525936   96014 watch.go:116] watchAllDir unable to walk dir `/Users/kyleberry/sss/selsocsoc/dataconnect`: lstat /Users/kyleberry/sss/selsocsoc/dataconnect: no such file or directory\n"}}
[debug] [2026-09-27T23:57:04.526Z] E0927 19:57:04.525952   96014 watch.go:40] Failed to load config from "/Users/kyleberry/sss/selsocsoc/dataconnect": could not find dataconnect.yaml in `/Users/kyleberry/sss/selsocsoc/dataconnect`
 {"metadata":{"emulator":{"name":"dataconnect"},"message":"E0927 19:57:04.525952   96014 watch.go:40] Failed to load config from \"/Users/kyleberry/sss/selsocsoc/dataconnect\": could not find dataconnect.yaml in `/Users/kyleberry/sss/selsocsoc/dataconnect`\n"}}
[debug] [2026-09-27T23:57:14.526Z] E0927 19:57:14.526190   96014 watch.go:40] Failed to load config from "/Users/kyleberry/sss/selsocsoc/dataconnect": could not find dataconnect.yaml in `/Users/kyleberry/sss/selsocsoc/dataconnect`
 {"metadata":{"emulator":{"name":"dataconnect"},"message":"E0927 19:57:14.526190   96014 watch.go:40] Failed to load config from \"/Users/kyleberry/sss/selsocsoc/dataconnect\": could not find dataconnect.yaml in `/Users/kyleberry/sss/selsocsoc/dataconnect`\n"}}
[debug] [2026-09-27T23:57:24.526Z] E0927 19:57:24.526143   96014 watch.go:40] Failed to load config from "/Users/kyleberry/sss/selsocsoc/dataconnect": could not find dataconnect.yaml in `/Users/kyleberry/sss/selsocsoc/dataconnect`
 {"metadata":{"emulator":{"name":"dataconnect"},"message":"E0927 19:57:24.526143   96014 watch.go:40] Failed to load config from \"/Users/kyleberry/sss/selsocsoc/dataconnect\": could not find dataconnect.yaml in `/Users/kyleberry/sss/selsocsoc/dataconnect`\n"}}
[debug] [2026-09-27T23:57:34.526Z] E0927 19:57:34.525917   96014 watch.go:40] Failed to load config from "/Users/kyleberry/sss/selsocsoc/dataconnect": could not find dataconnect.yaml in `/Users/kyleberry/sss/selsocsoc/dataconnect`
 {"metadata":{"emulator":{"name":"dataconnect"},"message":"E0927 19:57:34.525917   96014 watch.go:40] Failed to load config from \"/Users/kyleberry/sss/selsocsoc/dataconnect\": could not find dataconnect.yaml in `/Users/kyleberry/sss/selsocsoc/dataconnect`\n"}}
[debug] [2026-09-27T23:57:44.525Z] E0927 19:57:44.525722   96014 watch.go:40] Failed to load config from "/Users/kyleberry/sss/selsocsoc/dataconnect": could not find dataconnect.yaml in `/Users/kyleberry/sss/selsocsoc/dataconnect`
 {"metadata":{"emulator":{"name":"dataconnect"},"message":"E0927 19:57:44.525722   96014 watch.go:40] Failed to load config from \"/Users/kyleberry/sss/selsocsoc/dataconnect\": could not find dataconnect.yaml in `/Users/kyleberry/sss/selsocsoc/dataconnect`\n"}}
[debug] [2026-09-27T23:57:54.526Z] E0927 19:57:54.526157   96014 watch.go:40] Failed to load config from "/Users/kyleberry/sss/selsocsoc/dataconnect": could not find dataconnect.yaml in `/Users/kyleberry/sss/selsocsoc/dataconnect`
 {"metadata":{"emulator":{"name":"dataconnect"},"message":"E0927 19:57:54.526157   96014 watch.go:40] Failed to load config from \"/Users/kyleberry/sss/selsocsoc/dataconnect\": could not find dataconnect.yaml in `/Users/kyleberry/sss/selsocsoc/dataconnect`\n"}}
[debug] [2026-09-27T23:58:04.525Z] E0927 19:58:04.525677   96014 watch.go:116] watchAllDir unable to walk dir `/Users/kyleberry/sss/selsocsoc/dataconnect`: lstat /Users/kyleberry/sss/selsocsoc/dataconnect: no such file or directory
 {"metadata":{"emulator":{"name":"dataconnect"},"message":"E0927 19:58:04.525677   96014 watch.go:116] watchAllDir unable to walk dir `/Users/kyleberry/sss/selsocsoc/dataconnect`: lstat /Users/kyleberry/sss/selsocsoc/dataconnect: no such file or directory\n"}}
[debug] [2026-09-27T23:58:04.526Z] E0927 19:58:04.525745   96014 watch.go:40] Failed to load config from "/Users/kyleberry/sss/selsocsoc/dataconnect": could not find dataconnect.yaml in `/Users/kyleberry/sss/selsocsoc/dataconnect`
 {"metadata":{"emulator":{"name":"dataconnect"},"message":"E0927 19:58:04.525745   96014 watch.go:40] Failed to load config from \"/Users/kyleberry/sss/selsocsoc/dataconnect\": could not find dataconnect.yaml in `/Users/kyleberry/sss/selsocsoc/dataconnect`\n"}}
[debug] [2026-09-27T23:58:14.525Z] E0927 19:58:14.525484   96014 watch.go:40] Failed to load config from "/Users/kyleberry/sss/selsocsoc/dataconnect": could not find dataconnect.yaml in `/Users/kyleberry/sss/selsocsoc/dataconnect`
 {"metadata":{"emulator":{"name":"dataconnect"},"message":"E0927 19:58:14.525484   96014 watch.go:40] Failed to load config from \"/Users/kyleberry/sss/selsocsoc/dataconnect\": could not find dataconnect.yaml in `/Users/kyleberry/sss/selsocsoc/dataconnect`\n"}}
[debug] [2026-09-27T23:58:24.525Z] E0927 19:58:24.525386   96014 watch.go:40] Failed to load config from "/Users/kyleberry/sss/selsocsoc/dataconnect": could not find dataconnect.yaml in `/Users/kyleberry/sss/selsocsoc/dataconnect`
 {"metadata":{"emulator":{"name":"dataconnect"},"message":"E0927 19:58:24.525386   96014 watch.go:40] Failed to load config from \"/Users/kyleberry/sss/selsocsoc/dataconnect\": could not find dataconnect.yaml in `/Users/kyleberry/sss/selsocsoc/dataconnect`\n"}}
[debug] [2026-09-27T23:58:34.525Z] E0927 19:58:34.525604   96014 watch.go:40] Failed to load config from "/Users/kyleberry/sss/selsocsoc/dataconnect": could not find dataconnect.yaml in `/Users/kyleberry/sss/selsocsoc/dataconnect`
 {"metadata":{"emulator":{"name":"dataconnect"},"message":"E0927 19:58:34.525604   96014 watch.go:40] Failed to load config from \"/Users/kyleberry/sss/selsocsoc/dataconnect\": could not find dataconnect.yaml in `/Users/kyleberry/sss/selsocsoc/dataconnect`\n"}}
[debug] [2026-09-27T23:58:44.526Z] E0927 19:58:44.525958   96014 watch.go:40] Failed to load config from "/Users/kyleberry/sss/selsocsoc/dataconnect": could not find dataconnect.yaml in `/Users/kyleberry/sss/selsocsoc/dataconnect`
 {"metadata":{"emulator":{"name":"dataconnect"},"message":"E0927 19:58:44.525958   96014 watch.go:40] Failed to load config from \"/Users/kyleberry/sss/selsocsoc/dataconnect\": could not find dataconnect.yaml in `/Users/kyleberry/sss/selsocsoc/dataconnect`\n"}}
[debug] [2026-09-27T23:58:54.525Z] E0927 19:58:54.525831   96014 watch.go:40] Failed to load config from "/Users/kyleberry/sss/selsocsoc/dataconnect": could not find dataconnect.yaml in `/Users/kyleberry/sss/selsocsoc/dataconnect`
 {"metadata":{"emulator":{"name":"dataconnect"},"message":"E0927 19:58:54.525831   96014 watch.go:40] Failed to load config from \"/Users/kyleberry/sss/selsocsoc/dataconnect\": could not find dataconnect.yaml in `/Users/kyleberry/sss/selsocsoc/dataconnect`\n"}}
[debug] [2026-09-27T23:59:04.525Z] E0927 19:59:04.525233   96014 watch.go:40] Failed to load config from "/Users/kyleberry/sss/selsocsoc/dataconnect": could not find dataconnect.yaml in `/Users/kyleberry/sss/selsocsoc/dataconnect`
E0927 19:59:04.525212   96014 watch.go:116] watchAllDir unable to walk dir `/Users/kyleberry/sss/selsocsoc/dataconnect`: lstat /Users/kyleberry/sss/selsocsoc/dataconnect: no such file or directory
 {"metadata":{"emulator":{"name":"dataconnect"},"message":"E0927 19:59:04.525233   96014 watch.go:40] Failed to load config from \"/Users/kyleberry/sss/selsocsoc/dataconnect\": could not find dataconnect.yaml in `/Users/kyleberry/sss/selsocsoc/dataconnect`\nE0927 19:59:04.525212   96014 watch.go:116] watchAllDir unable to walk dir `/Users/kyleberry/sss/selsocsoc/dataconnect`: lstat /Users/kyleberry/sss/selsocsoc/dataconnect: no such file or directory\n"}}
[debug] [2026-09-27T23:59:14.524Z] E0927 19:59:14.524865   96014 watch.go:40] Failed to load config from "/Users/kyleberry/sss/selsocsoc/dataconnect": could not find dataconnect.yaml in `/Users/kyleberry/sss/selsocsoc/dataconnect`
 {"metadata":{"emulator":{"name":"dataconnect"},"message":"E0927 19:59:14.524865   96014 watch.go:40] Failed to load config from \"/Users/kyleberry/sss/selsocsoc/dataconnect\": could not find dataconnect.yaml in `/Users/kyleberry/sss/selsocsoc/dataconnect`\n"}}
[debug] [2026-09-27T23:59:24.525Z] E0927 19:59:24.524853   96014 watch.go:40] Failed to load config from "/Users/kyleberry/sss/selsocsoc/dataconnect": could not find dataconnect.yaml in `/Users/kyleberry/sss/selsocsoc/dataconnect`
 {"metadata":{"emulator":{"name":"dataconnect"},"message":"E0927 19:59:24.524853   96014 watch.go:40] Failed to load config from \"/Users/kyleberry/sss/selsocsoc/dataconnect\": could not find dataconnect.yaml in `/Users/kyleberry/sss/selsocsoc/dataconnect`\n"}}
[debug] [2026-09-27T23:59:34.525Z] E0927 19:59:34.525020   96014 watch.go:40] Failed to load config from "/Users/kyleberry/sss/selsocsoc/dataconnect": could not find dataconnect.yaml in `/Users/kyleberry/sss/selsocsoc/dataconnect`
 {"metadata":{"emulator":{"name":"dataconnect"},"message":"E0927 19:59:34.525020   96014 watch.go:40] Failed to load config from \"/Users/kyleberry/sss/selsocsoc/dataconnect\": could not find dataconnect.yaml in `/Users/kyleberry/sss/selsocsoc/dataconnect`\n"}}
[debug] [2026-09-27T23:59:44.525Z] E0927 19:59:44.525584   96014 watch.go:40] Failed to load config from "/Users/kyleberry/sss/selsocsoc/dataconnect": could not find dataconnect.yaml in `/Users/kyleberry/sss/selsocsoc/dataconnect`
 {"metadata":{"emulator":{"name":"dataconnect"},"message":"E0927 19:59:44.525584   96014 watch.go:40] Failed to load config from \"/Users/kyleberry/sss/selsocsoc/dataconnect\": could not find dataconnect.yaml in `/Users/kyleberry/sss/selsocsoc/dataconnect`\n"}}
[debug] [2026-09-27T23:59:54.525Z] E0927 19:59:54.525483   96014 watch.go:40] Failed to load config from "/Users/kyleberry/sss/selsocsoc/dataconnect": could not find dataconnect.yaml in `/Users/kyleberry/sss/selsocsoc/dataconnect`
 {"metadata":{"emulator":{"name":"dataconnect"},"message":"E0927 19:59:54.525483   96014 watch.go:40] Failed to load config from \"/Users/kyleberry/sss/selsocsoc/dataconnect\": could not find dataconnect.yaml in `/Users/kyleberry/sss/selsocsoc/dataconnect`\n"}}
[debug] [2026-09-28T00:00:04.525Z] E0927 20:00:04.524943   96014 watch.go:40] Failed to load config from "/Users/kyleberry/sss/selsocsoc/dataconnect": could not find dataconnect.yaml in `/Users/kyleberry/sss/selsocsoc/dataconnect`
E0927 20:00:04.524950   96014 watch.go:116] watchAllDir unable to walk dir `/Users/kyleberry/sss/selsocsoc/dataconnect`: lstat /Users/kyleberry/sss/selsocsoc/dataconnect: no such file or directory
 {"metadata":{"emulator":{"name":"dataconnect"},"message":"E0927 20:00:04.524943   96014 watch.go:40] Failed to load config from \"/Users/kyleberry/sss/selsocsoc/dataconnect\": could not find dataconnect.yaml in `/Users/kyleberry/sss/selsocsoc/dataconnect`\nE0927 20:00:04.524950   96014 watch.go:116] watchAllDir unable to walk dir `/Users/kyleberry/sss/selsocsoc/dataconnect`: lstat /Users/kyleberry/sss/selsocsoc/dataconnect: no such file or directory\n"}}
[debug] [2026-09-28T00:00:14.525Z] E0927 20:00:14.525419   96014 watch.go:40] Failed to load config from "/Users/kyleberry/sss/selsocsoc/dataconnect": could not find dataconnect.yaml in `/Users/kyleberry/sss/selsocsoc/dataconnect`
 {"metadata":{"emulator":{"name":"dataconnect"},"message":"E0927 20:00:14.525419   96014 watch.go:40] Failed to load config from \"/Users/kyleberry/sss/selsocsoc/dataconnect\": could not find dataconnect.yaml in `/Users/kyleberry/sss/selsocsoc/dataconnect`\n"}}
[debug] [2026-09-28T00:00:24.525Z] E0927 20:00:24.525334   96014 watch.go:40] Failed to load config from "/Users/kyleberry/sss/selsocsoc/dataconnect": could not find dataconnect.yaml in `/Users/kyleberry/sss/selsocsoc/dataconnect`
 {"metadata":{"emulator":{"name":"dataconnect"},"message":"E0927 20:00:24.525334   96014 watch.go:40] Failed to load config from \"/Users/kyleberry/sss/selsocsoc/dataconnect\": could not find dataconnect.yaml in `/Users/kyleberry/sss/selsocsoc/dataconnect`\n"}}
[debug] [2026-09-28T00:00:34.524Z] E0927 20:00:34.524831   96014 watch.go:40] Failed to load config from "/Users/kyleberry/sss/selsocsoc/dataconnect": could not find dataconnect.yaml in `/Users/kyleberry/sss/selsocsoc/dataconnect`
 {"metadata":{"emulator":{"name":"dataconnect"},"message":"E0927 20:00:34.524831   96014 watch.go:40] Failed to load config from \"/Users/kyleberry/sss/selsocsoc/dataconnect\": could not find dataconnect.yaml in `/Users/kyleberry/sss/selsocsoc/dataconnect`\n"}}
[debug] [2026-09-28T00:00:44.525Z] E0927 20:00:44.525279   96014 watch.go:40] Failed to load config from "/Users/kyleberry/sss/selsocsoc/dataconnect": could not find dataconnect.yaml in `/Users/kyleberry/sss/selsocsoc/dataconnect`
 {"metadata":{"emulator":{"name":"dataconnect"},"message":"E0927 20:00:44.525279   96014 watch.go:40] Failed to load config from \"/Users/kyleberry/sss/selsocsoc/dataconnect\": could not find dataconnect.yaml in `/Users/kyleberry/sss/selsocsoc/dataconnect`\n"}}
[debug] [2026-09-28T00:00:54.525Z] E0927 20:00:54.525235   96014 watch.go:40] Failed to load config from "/Users/kyleberry/sss/selsocsoc/dataconnect": could not find dataconnect.yaml in `/Users/kyleberry/sss/selsocsoc/dataconnect`
 {"metadata":{"emulator":{"name":"dataconnect"},"message":"E0927 20:00:54.525235   96014 watch.go:40] Failed to load config from \"/Users/kyleberry/sss/selsocsoc/dataconnect\": could not find dataconnect.yaml in `/Users/kyleberry/sss/selsocsoc/dataconnect`\n"}}
[debug] [2026-09-28T00:01:04.527Z] E0927 20:01:04.524862   96014 watch.go:116] watchAllDir unable to walk dir `/Users/kyleberry/sss/selsocsoc/dataconnect`: lstat /Users/kyleberry/sss/selsocsoc/dataconnect: no such file or directory
 {"metadata":{"emulator":{"name":"dataconnect"},"message":"E0927 20:01:04.524862   96014 watch.go:116] watchAllDir unable to walk dir `/Users/kyleberry/sss/selsocsoc/dataconnect`: lstat /Users/kyleberry/sss/selsocsoc/dataconnect: no such file or directory\n"}}
[debug] [2026-09-28T00:01:04.530Z] E0927 20:01:04.529987   96014 watch.go:40] Failed to load config from "/Users/kyleberry/sss/selsocsoc/dataconnect": could not find dataconnect.yaml in `/Users/kyleberry/sss/selsocsoc/dataconnect`
 {"metadata":{"emulator":{"name":"dataconnect"},"message":"E0927 20:01:04.529987   96014 watch.go:40] Failed to load config from \"/Users/kyleberry/sss/selsocsoc/dataconnect\": could not find dataconnect.yaml in `/Users/kyleberry/sss/selsocsoc/dataconnect`\n"}}
[debug] [2026-09-28T00:01:14.526Z] E0927 20:01:14.525121   96014 watch.go:40] Failed to load config from "/Users/kyleberry/sss/selsocsoc/dataconnect": could not find dataconnect.yaml in `/Users/kyleberry/sss/selsocsoc/dataconnect`
 {"metadata":{"emulator":{"name":"dataconnect"},"message":"E0927 20:01:14.525121   96014 watch.go:40] Failed to load config from \"/Users/kyleberry/sss/selsocsoc/dataconnect\": could not find dataconnect.yaml in `/Users/kyleberry/sss/selsocsoc/dataconnect`\n"}}
[debug] [2026-09-28T00:01:24.525Z] E0927 20:01:24.525078   96014 watch.go:40] Failed to load config from "/Users/kyleberry/sss/selsocsoc/dataconnect": could not find dataconnect.yaml in `/Users/kyleberry/sss/selsocsoc/dataconnect`
 {"metadata":{"emulator":{"name":"dataconnect"},"message":"E0927 20:01:24.525078   96014 watch.go:40] Failed to load config from \"/Users/kyleberry/sss/selsocsoc/dataconnect\": could not find dataconnect.yaml in `/Users/kyleberry/sss/selsocsoc/dataconnect`\n"}}
[debug] [2026-09-28T00:01:34.525Z] E0927 20:01:34.524830   96014 watch.go:40] Failed to load config from "/Users/kyleberry/sss/selsocsoc/dataconnect": could not find dataconnect.yaml in `/Users/kyleberry/sss/selsocsoc/dataconnect`
 {"metadata":{"emulator":{"name":"dataconnect"},"message":"E0927 20:01:34.524830   96014 watch.go:40] Failed to load config from \"/Users/kyleberry/sss/selsocsoc/dataconnect\": could not find dataconnect.yaml in `/Users/kyleberry/sss/selsocsoc/dataconnect`\n"}}
[debug] [2026-09-28T00:01:44.525Z] E0927 20:01:44.525038   96014 watch.go:40] Failed to load config from "/Users/kyleberry/sss/selsocsoc/dataconnect": could not find dataconnect.yaml in `/Users/kyleberry/sss/selsocsoc/dataconnect`
 {"metadata":{"emulator":{"name":"dataconnect"},"message":"E0927 20:01:44.525038   96014 watch.go:40] Failed to load config from \"/Users/kyleberry/sss/selsocsoc/dataconnect\": could not find dataconnect.yaml in `/Users/kyleberry/sss/selsocsoc/dataconnect`\n"}}
[debug] [2026-09-28T00:01:54.525Z] E0927 20:01:54.524932   96014 watch.go:40] Failed to load config from "/Users/kyleberry/sss/selsocsoc/dataconnect": could not find dataconnect.yaml in `/Users/kyleberry/sss/selsocsoc/dataconnect`
 {"metadata":{"emulator":{"name":"dataconnect"},"message":"E0927 20:01:54.524932   96014 watch.go:40] Failed to load config from \"/Users/kyleberry/sss/selsocsoc/dataconnect\": could not find dataconnect.yaml in `/Users/kyleberry/sss/selsocsoc/dataconnect`\n"}}
[debug] [2026-09-28T00:02:04.524Z] E0927 20:02:04.524596   96014 watch.go:116] watchAllDir unable to walk dir `/Users/kyleberry/sss/selsocsoc/dataconnect`: lstat /Users/kyleberry/sss/selsocsoc/dataconnect: no such file or directory
 {"metadata":{"emulator":{"name":"dataconnect"},"message":"E0927 20:02:04.524596   96014 watch.go:116] watchAllDir unable to walk dir `/Users/kyleberry/sss/selsocsoc/dataconnect`: lstat /Users/kyleberry/sss/selsocsoc/dataconnect: no such file or directory\n"}}
[debug] [2026-09-28T00:02:04.525Z] E0927 20:02:04.524704   96014 watch.go:40] Failed to load config from "/Users/kyleberry/sss/selsocsoc/dataconnect": could not find dataconnect.yaml in `/Users/kyleberry/sss/selsocsoc/dataconnect`
 {"metadata":{"emulator":{"name":"dataconnect"},"message":"E0927 20:02:04.524704   96014 watch.go:40] Failed to load config from \"/Users/kyleberry/sss/selsocsoc/dataconnect\": could not find dataconnect.yaml in `/Users/kyleberry/sss/selsocsoc/dataconnect`\n"}}
[debug] [2026-09-28T00:02:14.525Z] E0927 20:02:14.525030   96014 watch.go:40] Failed to load config from "/Users/kyleberry/sss/selsocsoc/dataconnect": could not find dataconnect.yaml in `/Users/kyleberry/sss/selsocsoc/dataconnect`
 {"metadata":{"emulator":{"name":"dataconnect"},"message":"E0927 20:02:14.525030   96014 watch.go:40] Failed to load config from \"/Users/kyleberry/sss/selsocsoc/dataconnect\": could not find dataconnect.yaml in `/Users/kyleberry/sss/selsocsoc/dataconnect`\n"}}
[debug] [2026-09-28T00:02:24.524Z] E0927 20:02:24.524852   96014 watch.go:40] Failed to load config from "/Users/kyleberry/sss/selsocsoc/dataconnect": could not find dataconnect.yaml in `/Users/kyleberry/sss/selsocsoc/dataconnect`
 {"metadata":{"emulator":{"name":"dataconnect"},"message":"E0927 20:02:24.524852   96014 watch.go:40] Failed to load config from \"/Users/kyleberry/sss/selsocsoc/dataconnect\": could not find dataconnect.yaml in `/Users/kyleberry/sss/selsocsoc/dataconnect`\n"}}
[debug] [2026-09-28T00:02:34.524Z] E0927 20:02:34.524516   96014 watch.go:40] Failed to load config from "/Users/kyleberry/sss/selsocsoc/dataconnect": could not find dataconnect.yaml in `/Users/kyleberry/sss/selsocsoc/dataconnect`
 {"metadata":{"emulator":{"name":"dataconnect"},"message":"E0927 20:02:34.524516   96014 watch.go:40] Failed to load config from \"/Users/kyleberry/sss/selsocsoc/dataconnect\": could not find dataconnect.yaml in `/Users/kyleberry/sss/selsocsoc/dataconnect`\n"}}
[debug] [2026-09-28T00:02:44.524Z] E0927 20:02:44.524756   96014 watch.go:40] Failed to load config from "/Users/kyleberry/sss/selsocsoc/dataconnect": could not find dataconnect.yaml in `/Users/kyleberry/sss/selsocsoc/dataconnect`
 {"metadata":{"emulator":{"name":"dataconnect"},"message":"E0927 20:02:44.524756   96014 watch.go:40] Failed to load config from \"/Users/kyleberry/sss/selsocsoc/dataconnect\": could not find dataconnect.yaml in `/Users/kyleberry/sss/selsocsoc/dataconnect`\n"}}
[debug] [2026-09-28T00:02:54.524Z] E0927 20:02:54.524686   96014 watch.go:40] Failed to load config from "/Users/kyleberry/sss/selsocsoc/dataconnect": could not find dataconnect.yaml in `/Users/kyleberry/sss/selsocsoc/dataconnect`
 {"metadata":{"emulator":{"name":"dataconnect"},"message":"E0927 20:02:54.524686   96014 watch.go:40] Failed to load config from \"/Users/kyleberry/sss/selsocsoc/dataconnect\": could not find dataconnect.yaml in `/Users/kyleberry/sss/selsocsoc/dataconnect`\n"}}
[debug] [2026-09-28T00:03:04.524Z] E0927 20:03:04.524081   96014 watch.go:40] Failed to load config from "/Users/kyleberry/sss/selsocsoc/dataconnect": could not find dataconnect.yaml in `/Users/kyleberry/sss/selsocsoc/dataconnect`
E0927 20:03:04.524070   96014 watch.go:116] watchAllDir unable to walk dir `/Users/kyleberry/sss/selsocsoc/dataconnect`: lstat /Users/kyleberry/sss/selsocsoc/dataconnect: no such file or directory
 {"metadata":{"emulator":{"name":"dataconnect"},"message":"E0927 20:03:04.524081   96014 watch.go:40] Failed to load config from \"/Users/kyleberry/sss/selsocsoc/dataconnect\": could not find dataconnect.yaml in `/Users/kyleberry/sss/selsocsoc/dataconnect`\nE0927 20:03:04.524070   96014 watch.go:116] watchAllDir unable to walk dir `/Users/kyleberry/sss/selsocsoc/dataconnect`: lstat /Users/kyleberry/sss/selsocsoc/dataconnect: no such file or directory\n"}}
[debug] [2026-09-28T00:03:14.524Z] E0927 20:03:14.524558   96014 watch.go:40] Failed to load config from "/Users/kyleberry/sss/selsocsoc/dataconnect": could not find dataconnect.yaml in `/Users/kyleberry/sss/selsocsoc/dataconnect`
 {"metadata":{"emulator":{"name":"dataconnect"},"message":"E0927 20:03:14.524558   96014 watch.go:40] Failed to load config from \"/Users/kyleberry/sss/selsocsoc/dataconnect\": could not find dataconnect.yaml in `/Users/kyleberry/sss/selsocsoc/dataconnect`\n"}}
[debug] [2026-09-28T00:03:24.526Z] E0927 20:03:24.524550   96014 watch.go:40] Failed to load config from "/Users/kyleberry/sss/selsocsoc/dataconnect": could not find dataconnect.yaml in `/Users/kyleberry/sss/selsocsoc/dataconnect`
 {"metadata":{"emulator":{"name":"dataconnect"},"message":"E0927 20:03:24.524550   96014 watch.go:40] Failed to load config from \"/Users/kyleberry/sss/selsocsoc/dataconnect\": could not find dataconnect.yaml in `/Users/kyleberry/sss/selsocsoc/dataconnect`\n"}}
[debug] [2026-09-28T00:03:34.524Z] E0927 20:03:34.524187   96014 watch.go:40] Failed to load config from "/Users/kyleberry/sss/selsocsoc/dataconnect": could not find dataconnect.yaml in `/Users/kyleberry/sss/selsocsoc/dataconnect`
 {"metadata":{"emulator":{"name":"dataconnect"},"message":"E0927 20:03:34.524187   96014 watch.go:40] Failed to load config from \"/Users/kyleberry/sss/selsocsoc/dataconnect\": could not find dataconnect.yaml in `/Users/kyleberry/sss/selsocsoc/dataconnect`\n"}}
[debug] [2026-09-28T00:03:44.533Z] E0927 20:03:44.533328   96014 watch.go:40] Failed to load config from "/Users/kyleberry/sss/selsocsoc/dataconnect": could not find dataconnect.yaml in `/Users/kyleberry/sss/selsocsoc/dataconnect`
 {"metadata":{"emulator":{"name":"dataconnect"},"message":"E0927 20:03:44.533328   96014 watch.go:40] Failed to load config from \"/Users/kyleberry/sss/selsocsoc/dataconnect\": could not find dataconnect.yaml in `/Users/kyleberry/sss/selsocsoc/dataconnect`\n"}}
[debug] [2026-09-28T00:03:54.524Z] E0927 20:03:54.524462   96014 watch.go:40] Failed to load config from "/Users/kyleberry/sss/selsocsoc/dataconnect": could not find dataconnect.yaml in `/Users/kyleberry/sss/selsocsoc/dataconnect`
 {"metadata":{"emulator":{"name":"dataconnect"},"message":"E0927 20:03:54.524462   96014 watch.go:40] Failed to load config from \"/Users/kyleberry/sss/selsocsoc/dataconnect\": could not find dataconnect.yaml in `/Users/kyleberry/sss/selsocsoc/dataconnect`\n"}}
[debug] [2026-09-28T00:04:04.524Z] E0927 20:04:04.524075   96014 watch.go:40] Failed to load config from "/Users/kyleberry/sss/selsocsoc/dataconnect": could not find dataconnect.yaml in `/Users/kyleberry/sss/selsocsoc/dataconnect`
 {"metadata":{"emulator":{"name":"dataconnect"},"message":"E0927 20:04:04.524075   96014 watch.go:40] Failed to load config from \"/Users/kyleberry/sss/selsocsoc/dataconnect\": could not find dataconnect.yaml in `/Users/kyleberry/sss/selsocsoc/dataconnect`\n"}}
[debug] [2026-09-28T00:04:04.524Z] E0927 20:04:04.524081   96014 watch.go:116] watchAllDir unable to walk dir `/Users/kyleberry/sss/selsocsoc/dataconnect`: lstat /Users/kyleberry/sss/selsocsoc/dataconnect: no such file or directory
 {"metadata":{"emulator":{"name":"dataconnect"},"message":"E0927 20:04:04.524081   96014 watch.go:116] watchAllDir unable to walk dir `/Users/kyleberry/sss/selsocsoc/dataconnect`: lstat /Users/kyleberry/sss/selsocsoc/dataconnect: no such file or directory\n"}}
[debug] [2026-09-28T00:04:14.524Z] E0927 20:04:14.524458   96014 watch.go:40] Failed to load config from "/Users/kyleberry/sss/selsocsoc/dataconnect": could not find dataconnect.yaml in `/Users/kyleberry/sss/selsocsoc/dataconnect`
 {"metadata":{"emulator":{"name":"dataconnect"},"message":"E0927 20:04:14.524458   96014 watch.go:40] Failed to load config from \"/Users/kyleberry/sss/selsocsoc/dataconnect\": could not find dataconnect.yaml in `/Users/kyleberry/sss/selsocsoc/dataconnect`\n"}}
[debug] [2026-09-28T00:04:24.525Z] E0927 20:04:24.525318   96014 watch.go:40] Failed to load config from "/Users/kyleberry/sss/selsocsoc/dataconnect": could not find dataconnect.yaml in `/Users/kyleberry/sss/selsocsoc/dataconnect`
 {"metadata":{"emulator":{"name":"dataconnect"},"message":"E0927 20:04:24.525318   96014 watch.go:40] Failed to load config from \"/Users/kyleberry/sss/selsocsoc/dataconnect\": could not find dataconnect.yaml in `/Users/kyleberry/sss/selsocsoc/dataconnect`\n"}}
[debug] [2026-09-28T00:04:34.524Z] E0927 20:04:34.524545   96014 watch.go:40] Failed to load config from "/Users/kyleberry/sss/selsocsoc/dataconnect": could not find dataconnect.yaml in `/Users/kyleberry/sss/selsocsoc/dataconnect`
 {"metadata":{"emulator":{"name":"dataconnect"},"message":"E0927 20:04:34.524545   96014 watch.go:40] Failed to load config from \"/Users/kyleberry/sss/selsocsoc/dataconnect\": could not find dataconnect.yaml in `/Users/kyleberry/sss/selsocsoc/dataconnect`\n"}}
[debug] [2026-09-28T00:04:44.524Z] E0927 20:04:44.524200   96014 watch.go:40] Failed to load config from "/Users/kyleberry/sss/selsocsoc/dataconnect": could not find dataconnect.yaml in `/Users/kyleberry/sss/selsocsoc/dataconnect`
 {"metadata":{"emulator":{"name":"dataconnect"},"message":"E0927 20:04:44.524200   96014 watch.go:40] Failed to load config from \"/Users/kyleberry/sss/selsocsoc/dataconnect\": could not find dataconnect.yaml in `/Users/kyleberry/sss/selsocsoc/dataconnect`\n"}}
[debug] [2026-09-28T00:04:54.524Z] E0927 20:04:54.524288   96014 watch.go:40] Failed to load config from "/Users/kyleberry/sss/selsocsoc/dataconnect": could not find dataconnect.yaml in `/Users/kyleberry/sss/selsocsoc/dataconnect`
 {"metadata":{"emulator":{"name":"dataconnect"},"message":"E0927 20:04:54.524288   96014 watch.go:40] Failed to load config from \"/Users/kyleberry/sss/selsocsoc/dataconnect\": could not find dataconnect.yaml in `/Users/kyleberry/sss/selsocsoc/dataconnect`\n"}}
[debug] [2026-09-28T00:05:04.523Z] E0927 20:05:04.523749   96014 watch.go:40] Failed to load config from "/Users/kyleberry/sss/selsocsoc/dataconnect": could not find dataconnect.yaml in `/Users/kyleberry/sss/selsocsoc/dataconnect`
 {"metadata":{"emulator":{"name":"dataconnect"},"message":"E0927 20:05:04.523749   96014 watch.go:40] Failed to load config from \"/Users/kyleberry/sss/selsocsoc/dataconnect\": could not find dataconnect.yaml in `/Users/kyleberry/sss/selsocsoc/dataconnect`\n"}}
[debug] [2026-09-28T00:05:04.525Z] E0927 20:05:04.523689   96014 watch.go:116] watchAllDir unable to walk dir `/Users/kyleberry/sss/selsocsoc/dataconnect`: lstat /Users/kyleberry/sss/selsocsoc/dataconnect: no such file or directory
 {"metadata":{"emulator":{"name":"dataconnect"},"message":"E0927 20:05:04.523689   96014 watch.go:116] watchAllDir unable to walk dir `/Users/kyleberry/sss/selsocsoc/dataconnect`: lstat /Users/kyleberry/sss/selsocsoc/dataconnect: no such file or directory\n"}}
[debug] [2026-09-28T00:05:14.524Z] E0927 20:05:14.524020   96014 watch.go:40] Failed to load config from "/Users/kyleberry/sss/selsocsoc/dataconnect": could not find dataconnect.yaml in `/Users/kyleberry/sss/selsocsoc/dataconnect`
 {"metadata":{"emulator":{"name":"dataconnect"},"message":"E0927 20:05:14.524020   96014 watch.go:40] Failed to load config from \"/Users/kyleberry/sss/selsocsoc/dataconnect\": could not find dataconnect.yaml in `/Users/kyleberry/sss/selsocsoc/dataconnect`\n"}}
[debug] [2026-09-28T00:05:24.527Z] E0927 20:05:24.525115   96014 watch.go:40] Failed to load config from "/Users/kyleberry/sss/selsocsoc/dataconnect": could not find dataconnect.yaml in `/Users/kyleberry/sss/selsocsoc/dataconnect`
 {"metadata":{"emulator":{"name":"dataconnect"},"message":"E0927 20:05:24.525115   96014 watch.go:40] Failed to load config from \"/Users/kyleberry/sss/selsocsoc/dataconnect\": could not find dataconnect.yaml in `/Users/kyleberry/sss/selsocsoc/dataconnect`\n"}}
[debug] [2026-09-28T00:05:34.523Z] E0927 20:05:34.523663   96014 watch.go:40] Failed to load config from "/Users/kyleberry/sss/selsocsoc/dataconnect": could not find dataconnect.yaml in `/Users/kyleberry/sss/selsocsoc/dataconnect`
 {"metadata":{"emulator":{"name":"dataconnect"},"message":"E0927 20:05:34.523663   96014 watch.go:40] Failed to load config from \"/Users/kyleberry/sss/selsocsoc/dataconnect\": could not find dataconnect.yaml in `/Users/kyleberry/sss/selsocsoc/dataconnect`\n"}}
[debug] [2026-09-28T00:05:44.523Z] E0927 20:05:44.523509   96014 watch.go:40] Failed to load config from "/Users/kyleberry/sss/selsocsoc/dataconnect": could not find dataconnect.yaml in `/Users/kyleberry/sss/selsocsoc/dataconnect`
 {"metadata":{"emulator":{"name":"dataconnect"},"message":"E0927 20:05:44.523509   96014 watch.go:40] Failed to load config from \"/Users/kyleberry/sss/selsocsoc/dataconnect\": could not find dataconnect.yaml in `/Users/kyleberry/sss/selsocsoc/dataconnect`\n"}}
[debug] [2026-09-28T00:05:54.524Z] E0927 20:05:54.523900   96014 watch.go:40] Failed to load config from "/Users/kyleberry/sss/selsocsoc/dataconnect": could not find dataconnect.yaml in `/Users/kyleberry/sss/selsocsoc/dataconnect`
 {"metadata":{"emulator":{"name":"dataconnect"},"message":"E0927 20:05:54.523900   96014 watch.go:40] Failed to load config from \"/Users/kyleberry/sss/selsocsoc/dataconnect\": could not find dataconnect.yaml in `/Users/kyleberry/sss/selsocsoc/dataconnect`\n"}}
[debug] [2026-09-28T00:06:04.523Z] E0927 20:06:04.523525   96014 watch.go:40] Failed to load config from "/Users/kyleberry/sss/selsocsoc/dataconnect": could not find dataconnect.yaml in `/Users/kyleberry/sss/selsocsoc/dataconnect`
E0927 20:06:04.523484   96014 watch.go:116] watchAllDir unable to walk dir `/Users/kyleberry/sss/selsocsoc/dataconnect`: lstat /Users/kyleberry/sss/selsocsoc/dataconnect: no such file or directory
 {"metadata":{"emulator":{"name":"dataconnect"},"message":"E0927 20:06:04.523525   96014 watch.go:40] Failed to load config from \"/Users/kyleberry/sss/selsocsoc/dataconnect\": could not find dataconnect.yaml in `/Users/kyleberry/sss/selsocsoc/dataconnect`\nE0927 20:06:04.523484   96014 watch.go:116] watchAllDir unable to walk dir `/Users/kyleberry/sss/selsocsoc/dataconnect`: lstat /Users/kyleberry/sss/selsocsoc/dataconnect: no such file or directory\n"}}
[debug] [2026-09-28T00:06:14.524Z] E0927 20:06:14.523945   96014 watch.go:40] Failed to load config from "/Users/kyleberry/sss/selsocsoc/dataconnect": could not find dataconnect.yaml in `/Users/kyleberry/sss/selsocsoc/dataconnect`
 {"metadata":{"emulator":{"name":"dataconnect"},"message":"E0927 20:06:14.523945   96014 watch.go:40] Failed to load config from \"/Users/kyleberry/sss/selsocsoc/dataconnect\": could not find dataconnect.yaml in `/Users/kyleberry/sss/selsocsoc/dataconnect`\n"}}
[debug] [2026-09-28T00:06:24.524Z] E0927 20:06:24.523873   96014 watch.go:40] Failed to load config from "/Users/kyleberry/sss/selsocsoc/dataconnect": could not find dataconnect.yaml in `/Users/kyleberry/sss/selsocsoc/dataconnect`
 {"metadata":{"emulator":{"name":"dataconnect"},"message":"E0927 20:06:24.523873   96014 watch.go:40] Failed to load config from \"/Users/kyleberry/sss/selsocsoc/dataconnect\": could not find dataconnect.yaml in `/Users/kyleberry/sss/selsocsoc/dataconnect`\n"}}
[debug] [2026-09-28T00:06:34.523Z] E0927 20:06:34.523530   96014 watch.go:40] Failed to load config from "/Users/kyleberry/sss/selsocsoc/dataconnect": could not find dataconnect.yaml in `/Users/kyleberry/sss/selsocsoc/dataconnect`
 {"metadata":{"emulator":{"name":"dataconnect"},"message":"E0927 20:06:34.523530   96014 watch.go:40] Failed to load config from \"/Users/kyleberry/sss/selsocsoc/dataconnect\": could not find dataconnect.yaml in `/Users/kyleberry/sss/selsocsoc/dataconnect`\n"}}
[debug] [2026-09-28T00:06:44.524Z] E0927 20:06:44.523785   96014 watch.go:40] Failed to load config from "/Users/kyleberry/sss/selsocsoc/dataconnect": could not find dataconnect.yaml in `/Users/kyleberry/sss/selsocsoc/dataconnect`
 {"metadata":{"emulator":{"name":"dataconnect"},"message":"E0927 20:06:44.523785   96014 watch.go:40] Failed to load config from \"/Users/kyleberry/sss/selsocsoc/dataconnect\": could not find dataconnect.yaml in `/Users/kyleberry/sss/selsocsoc/dataconnect`\n"}}
[debug] [2026-09-28T00:06:54.523Z] E0927 20:06:54.523592   96014 watch.go:40] Failed to load config from "/Users/kyleberry/sss/selsocsoc/dataconnect": could not find dataconnect.yaml in `/Users/kyleberry/sss/selsocsoc/dataconnect`
 {"metadata":{"emulator":{"name":"dataconnect"},"message":"E0927 20:06:54.523592   96014 watch.go:40] Failed to load config from \"/Users/kyleberry/sss/selsocsoc/dataconnect\": could not find dataconnect.yaml in `/Users/kyleberry/sss/selsocsoc/dataconnect`\n"}}
